status	id	lastUpdatedAt	title
SAVED	EzF1ulIA7UQz5YMWiqLz3	1785516063	New Story
OK-NOTEXT	otHHSEeJ690P670VmkPaV	1785254922	New Story
FAILED-CONTENT	ct3g5oFFYVK5h1hqv_Iff	1785254884	New Story (3)
FAILED-CONTENT	a2hWukhOy38YNNdI-wyPD	1785209223	New Story (2)
FAILED-CONTENT	bNfVAGkZPYaDCcIHzlKC2	1785205539	New Story
FAILED-CONTENT	d39hKsZFt7h9BtBeoBPJd	1784947429	New Story (1)
SAVED	Ej2m3hPTCn0iF0B-pmL0y	1784787259	Mythmaker - Working Copy (30)
FAILED-CONTENT	yXsrNREeKfJRSTnNj4MMd	1784781772	New Story
FAILED-CONTENT	S2CLG-zzA1R8kIeA0-WJb	1784613454	New Story (1)
FAILED-CONTENT	Tyd6I31iTLeIUq_9ceRju	1784611562	New Story
SAVED	4Ma5MDyyeBraW6qk71Tzn	1784440374	New Story (2)
SAVED	__qrsV6xs54pNiDelaBc6	1784440052	New Story (1)
SAVED	ggS54WLGAKyOqBdSEB5tt	1784440034	New Story
SAVED	Kv-6fel-64FR7z1wZbt_k	1784439953	New Story
SAVED	Vg2Kvcbx_6om8KKQVIOkK	1784439615	GROK FOR FOLKS ON A BUDGET
SAVED	WhpIKZugIEGGsepG_QJDm	1784283443	New Story (2)
SAVED	xrueP4zQ2WmMiZcFTf150	1784283375	New Story (6)
SAVED	QfrjU802B2miP_VJM1lUV	1784283260	New Story (2)
SAVED	652TQj_rbUryLS8CrZS4c	1784283205	New Story
SAVED	gSV_5InPEVFbh-V4vhTnu	1784283189	New Story
SAVED	Mg1TWPPcP5LhljSYSinFD	1784283175	New Story (1)
SAVED	K95oMayS2H-RQmCj0sNEW	1784283162	New Story (1)
FAILED-CONTENT	d9eojWejbnYhtt3tCDyfg	1784260952	New Story (1)
FAILED-CONTENT	G2U5CgSfMKu84zuG17QTH	1784260266	New Story (2)
FAILED-CONTENT	GAQVJzAVcTIO9Ip_QYc76	1784149788	New Story
FAILED-CONTENT	jzUhq20_dCyp9MPn1r1GA	1784045827	New Story
FAILED-CONTENT	kxaWOgDJGQAmFlE1nCiSz	1784002978	New Story (7)
FAILED-CONTENT	N58NeZgMiofGdIkA11Rk2	1783997967	New Story (6)
FAILED-CONTENT	K4ZaxftKEwFwef9tl-Kzr	1783970841	New Story
FAILED-CONTENT	XXQBwOl6SoCJYGSfBCuWh	1783970564	New Story (4)
FAILED-CONTENT	PX3ySxIKYepp7ukVGuzpL	1783876493	New Story (5)
SAVED	Iuxlg8JQPl48d4ZVC35t0	1783868985	New Story (7)
SAVED	62m6HCzDqAUT5yYDT5mgA	1783868984	New Story (6)
SAVED	Xjvi48Fu811kBoOD0Unz4	1783868982	New Story (4)
SAVED	U3eyb1KbZZ1KIytgLFMeg	1783868982	New Story (11)
FAILED-CONTENT	OCntfOzq585HiA-z55Y8f	1783823512	New Story (3)
FAILED-CONTENT	VlpxbFXM9PRxMCK3ngSDb	1783568589	New Story
SAVED	rN7KYdA9Z10xEEEROZxql	1783568100	New Story
SAVED	S1892qfckfihgIJKdYyrB	1783567022	Your Cobralingus Device Finally Arrived from Manchester Courtesy of Jeff Noon (2)
SAVED	bH6JeYofUPPLIK0fch-pE	1783566883	New Story (1)
SAVED	FnL61E8ZF6BTZ5_0aiG2d	1783566340	New Story
SAVED	nNjGx2lDIup3ctdSacYCv	1783566325	New Story
FAILED-CONTENT	989PlwI31Oazh8lw7Sct0	1781735763	New Story (1)
FAILED-CONTENT	Yw1mNg36fhoWM0on6XgRo	1781734294	New Story
SAVED	CVhzfN3GdE4S4foUGyvGR	1781481042	New Story
FAILED-CONTENT	A8kZ_oDaH3b_c4NvNLTqA	1781022084	New Story
FAILED-CONTENT	1eXKfw-2CHXnG-QY78YDc	1780707389	New Story
FAILED-CONTENT	wXkar9YOx7HI0XS8ayxZO	1780453463	New Story (1)
FAILED-CONTENT	AT5FWRJpiPkBMhwMkMC4n	1780420552	New Story (2)
FAILED-CONTENT	s8JViLwnEnyOZhQfVLvsO	1780343608	New Story
FAILED-CONTENT	zGojnF8bc_sBm7lvPyMKA	1780197699	New Story
FAILED-CONTENT	B71eHQSE8yeFNvintLB00	1779858097	New Story (13)
FAILED-CONTENT	6JKfBkVJf4DeRnrxno2Bs	1779771018	New Story
FAILED-CONTENT	1qTnhhU7tp2Ei-14PGAbI	1779181311	New Story
FAILED-CONTENT	mARMGGdhv7pDNfxuDRp23	1779149934	New Story
FAILED-CONTENT	Y5KnspzlwBM32Bn_x0Bvx	1779125183	New Story (1)
FAILED-CONTENT	HNvlOI2TUsOdG1g0bjWJG	1779125052	New Story
FAILED-CONTENT	e5vIBs9dodKGQp7UMIorD	1778459778	New Story (3)
FAILED-CONTENT	VfQK_5e_4S7q7j6oYD7cv	1778457854	New Story (2)
FAILED-CONTENT	-u2mykSA5cMqUlIdzAu3Y	1778457025	New Story (1)
FAILED-CONTENT	xVUEpuiy2TC8shTmXzB1-	1778456201	New Story
SAVED	GhKhjdBMdGOMetmzAsxGC	1778303479	New Story (3)
SAVED	qMHCTI5C-ZbOITbnkIssY	1777832506	New Story (17)
SAVED	4AM-JoDu9I55TAG9vL3nI	1777769417	New Story (2)
FAILED-CONTENT	MQNKeky1Wz9SczC4F1vzj	1777769112	New Story
FAILED-CONTENT	i70vKWZdvptqy2mvNS8_o	1777638872	New Story (3)
FAILED-CONTENT	mWPvvZoibuOUp1JcOTKaW	1777518263	New Story (4)
FAILED-CONTENT	_Z5aOedWZVkkKOeQ4-JDE	1777510938	New Story (3)
SAVED	5UTitra_-CXyS-Vz1CCNJ	1777488253	Pynchon and Tingle Fight the Global Epistemic War With PSYOPS AI (6)
SAVED	KaCAXHuz2MuoNrCgMsOYG	1777421667	New Story (1)
FAILED-CONTENT	ErPD9zmM9xR0-OL7zUypB	1777357153	New Story (1)
FAILED-CONTENT	WluYEnMOWhei377ChI1wm	1777356221	New Story
FAILED-CONTENT	FZ1JulDryDCdxXjxhOz4-	1777181513	New Story (1)
FAILED-CONTENT	rb_fBUuYIguygoP3m0x7R	1777172365	New Story (2)
FAILED-CONTENT	GecxbDDo_RI6Pvi6-46X2	1776906865	New Story
FAILED-CONTENT	TkzZrEmIavLRFgMjtZQ02	1776809617	New Story
FAILED-CONTENT	vv9fo5JQZT8DvAM3byG7V	1776577679	New Story (13)
FAILED-CONTENT	hP2Ku5v45IS3oN88EC6Ki	1776568132	New Story
FAILED-CONTENT	sQ_0BVYoPK9vf8QnQ1YE8	1776484410	New Story (12)
FAILED-CONTENT	I14TmsOnBr5S4DDC8hT1u	1776440713	New Story (11)
FAILED-CONTENT	e8kN0b5XvMTJXN-Q0QZxy	1776436457	New Story (10)
FAILED-CONTENT	kxRts_6C-CMpz6FYCclO4	1776353010	New Story (7)
FAILED-CONTENT	eSpnxKxFlnxosXh4dus2e	1776352555	New Story (6)
FAILED-CONTENT	z2jxXOMi6DFckNia4IFT1	1776352140	New Story (5)
FAILED-CONTENT	B3zvJ4B6OgNrQjPfk0FJW	1776351764	New Story (4)
FAILED-CONTENT	BqPsRCIBYl9cX1jDmh_IN	1776351322	New Story (3)
FAILED-CONTENT	X032z0y5Ypf33xESDu1Gp	1776350344	New Story
FAILED-CONTENT	7Lw2W44Kmx8AreSp-9633	1776349463	New Story (2)
FAILED-CONTENT	Iq5e5a9dqGfw3cdCa6JTO	1776349127	New Story (1)
FAILED-CONTENT	cEK0S6X47bacGAfRuws7U	1776304818	New Story (2)
FAILED-CONTENT	K5sMFPgWxUDZKscnUO7db	1776302893	New Story (1)
FAILED-CONTENT	GT1Q2w2oPP1fGA3K2e8rz	1776231660	New Story (15)
FAILED-CONTENT	rEqZGQyKh9Fb3KXtDMsDO	1776217143	New Story (3)
FAILED-CONTENT	rLCA9FdzN5Tp1xxsWoTZi	1776217037	New Story (2)
FAILED-CONTENT	Ug_-bgwxIqSHq0dCM5YTr	1776215494	New Story (1)
FAILED-CONTENT	Wk0P_8rBaQP1531Xtu_Hk	1776207353	New Story (18)
FAILED-CONTENT	N-uXqw6aiBZ0TxaZiTGu9	1776206710	New Story (18)
FAILED-CONTENT	iG5rOTgLB9WmBZDRT5EXb	1776206126	New Story (17)
FAILED-CONTENT	21l_klC_QI56s9Pmiyn1y	1776202880	New Story (16)
FAILED-CONTENT	uLS-Go0LfcBaOPDJkF3ES	1776201203	New Story (16)
FAILED-CONTENT	01EsCY964dhpS97YCR6tK	1776196423	New Story (14)
FAILED-CONTENT	3abc6sQ2AbN-iq7yDA_zN	1776183324	New Story (13)
FAILED-CONTENT	FbVCFESCAlEErPk2RpujD	1776181743	New Story (12)
FAILED-CONTENT	fnI8UVN7N8QnAy3j39A8n	1776169616	New Story (11)
FAILED-CONTENT	4AC9-NjzHB4FDXlUff3Bt	1776169519	New Story (10)
FAILED-CONTENT	MCXlsOYO3Ld2Xso_fgcy5	1776125992	New Story (10)
FAILED-CONTENT	0nH4Y4pg7VvXm41VlwoN2	1776106442	New Story (9)
FAILED-CONTENT	Q8ScSFuoooOMhJ6Ee4vpz	1776035921	New Story (8)
FAILED-CONTENT	Y8hh2DCJPzFDPQYGsXU06	1776017653	New Story (7)
FAILED-CONTENT	Nap9EJPW7gZUFm0Sw0rtp	1776013197	New Story (6)
FAILED-CONTENT	zAMikQVivsESLFpiQ2UcV	1776006565	New Story (5)
SAVED	q2bMF37U7g8CPDyYtSg_k	1775962023	New Story (7)
SAVED	OdICpWJ3RonXYSjDZDliq	1775959838	New Story (6)
SAVED	HLjSHMRmGjcSLFTS31aW3	1775958937	New Story (5)
SAVED	YbR9QyS4itA_DUlzModza	1775943542	New Story (4)
SAVED	Ruhip5ziGF1fi5pExRwoQ	1775933699	New Story (3)
SAVED	zuskDMaAOLpg7i1FFNtr9	1775933574	New Story (2)
FAILED-CONTENT	C-7C4Mkk6CpjHJDIdTDiB	1775930344	New Story (10)
FAILED-CONTENT	y_QkmKHg1UPWFJeqHnwBR	1775930012	New Story (9)
FAILED-CONTENT	dwm4lsZlTlLkRVp7xiXqW	1775923039	New Story (8)
FAILED-CONTENT	HkcpYLnC3rTLbD1-hJrYn	1775922702	New Story (7)
FAILED-CONTENT	J_MA-mSpiTVhfDURXZ8J6	1775922367	New Story (6)
FAILED-CONTENT	L22ypNk63hqyiVrFRFQoV	1775922238	New Story (7)
FAILED-CONTENT	q4WhuEZISwBDbYVOjzm4s	1775880333	New Story (4)
FAILED-CONTENT	9bCkZTaFBbR3Xp5znc0Ds	1775854099	New Story (5)
FAILED-CONTENT	1nSNXTeiBZ-get5sxA540	1775853944	New Story (4)
FAILED-CONTENT	NbsE-Sm1y4OQ4jTsvR3mU	1775795143	New Story (3)
FAILED-CONTENT	6cA3XfUMzs71HA5tqHAfU	1775745935	New Story (2)
FAILED-CONTENT	NKEKiVQmgVD1V8qoKLc_Z	1775745819	New Story (1)
FAILED-CONTENT	uKJt_bFVZonG-TN4t4o-B	1775745764	New Story
FAILED-CONTENT	0k11cLT_mwD0Dde1g8UZl	1775562205	New Story
FAILED-CONTENT	dExxt1EeCvcHZo7GOaPUD	1775489375	New Story
FAILED-CONTENT	7YXEpHgULKuiAzY3mFBaI	1775487759	New Story
FAILED-META	OZ_s8FF30vww4ZsAjQ_4Y	1775429063	
FAILED-CONTENT	61RTJrA_Z6xM_G3ymgYXu	1775426818	New Story
FAILED-CONTENT	m0r2fRn7oxWypm1p_TFXD	1775396356	New Story (8)
FAILED-CONTENT	XOQtIu2NOv2KQqG8dtdHQ	1775394205	New Story
FAILED-CONTENT	_ajfqDs840XXfQfo_mr4J	1775394052	New Story (10)
FAILED-CONTENT	tmssXqg9zFTWt_X2TXYXY	1775357383	New Story (9)
FAILED-CONTENT	U0VeGIFxjT1JHB0SItYGb	1775356775	New Story (8)
FAILED-CONTENT	tFg3MO4nnti0Z20icBsjl	1775356555	New Story (7)
FAILED-CONTENT	VltkDNVwuewtsKyp4ONR8	1775356425	New Story (6)
FAILED-CONTENT	dTWK2kqF64vquP9D8TOsP	1775355978	New Story (5)
FAILED-CONTENT	T1bUG69Kbm-ziRVT8LZFR	1775355719	New Story (4)
FAILED-CONTENT	Grh_vN-bbiPhDgEf_vSFP	1775355182	New Story (3)
FAILED-CONTENT	TzvKncGnQBCQBhmha44sM	1775355027	New Story (2)
FAILED-CONTENT	wL534XrsIbYWO2dSPLaiz	1775354730	New Story (1)
FAILED-CONTENT	lL86gsee7-eKAktx6aWqZ	1775347496	New Story
FAILED-CONTENT	z8O5alaBDchk1gheiIkw4	1775334531	New Story (9)
FAILED-CONTENT	RuavfywYXxD8RdKrdrdNg	1775333925	New Story (8)
FAILED-CONTENT	Mwf9ZM_JBX9ORbcQAGfZb	1775333367	New Story (7)
FAILED-CONTENT	9SB79u3VEnQLC6D9O_vQm	1775332401	New Story
FAILED-CONTENT	0_pjpLIOwMyYX9-IvihO6	1775329499	New Story
FAILED-CONTENT	a0IRnjUzubTZw7jMW0vZ-	1775295202	New Story (8)
SAVED	1oN3WUcz0uMOnAROpvAw8	1775266482	AI Alignment Interview - Janus version stitched with Quetza
FAILED-CONTENT	jvh2zG_cF2536u3vLNM9Y	1775176094	New Story
FAILED-CONTENT	92dWQ8XkTLzdkzoZ6ELpU	1774922852	New Story
SAVED	yC7vrhHooRHQgLJNx5Hgn	1774909966	Jestworld Season 2 (1)
FAILED-CONTENT	4tdOCamUyzIodxBEit8of	1774836997	New Story
FAILED-CONTENT	aOYiyyVBSL4bzgjZBf5sM	1774802289	New Story
FAILED-CONTENT	J7bSYI_yjlicU6tFc5DuH	1774668868	New Story
FAILED-CONTENT	cXyh6ABSLHhjdjPxi40mB	1774081212	New Story
FAILED-CONTENT	IDzfnfHW107HNkbWarWeF	1774005893	New Story
SAVED	Q1URtzJ2qn_p8xCymkd2r	1773878515	Jestworld Season 2
FAILED-CONTENT	H1apTfNkJyA2h5aFuLt5e	1773663875	New Story (1)
FAILED-CONTENT	VVuNOeSl69z-v0sv0u48p	1773662976	New Story (2)
FAILED-CONTENT	844Q6U6ChIhM_Qjh85lDa	1773662746	New Story (1)
FAILED-CONTENT	Ut4ySY2NMqX-mSPYso4e7	1773662293	New Story
FAILED-CONTENT	eNkCfQhuzP3AfXy8O4Kb2	1773635893	New Story
FAILED-CONTENT	b8cvJQckQ_qdDmX6X7Fvs	1773411186	New Story
FAILED-CONTENT	fE1OJUltnMuH0kee1vmJc	1773407892	New Story
FAILED-CONTENT	nL4ZSI4AHbf0k6RAOsQN6	1773407886	New Story
FAILED-CONTENT	YKRVlufhJrR0g6ObDnfqq	1773407564	New Story
FAILED-CONTENT	v_buGGTvCZ6gvlOKVi3yr	1773405140	New Story
FAILED-CONTENT	E3wGrZAUYmQy99fVd0x-R	1773369159	New Story
FAILED-CONTENT	unnskmGq-cTkPPBX4_oet	1773324848	New Story
FAILED-CONTENT	G5hZEY8RPPMQ9YNxjAd_R	1773301491	New Story
FAILED-CONTENT	uBv-uUFMnKr3s-lYp9R-r	1773297131	New Story
FAILED-CONTENT	8A5HOST9aF_m081hh1V_5	1773296021	New Story
FAILED-CONTENT	F_HdQ-tXaCs1h2NFa2WpM	1773290414	New Story
FAILED-CONTENT	_QfwmC4btMd9gYjHYkuv0	1773270088	PfCizer v2!
FAILED-CONTENT	Dbs8onEAKqJalL4nhdB94	1773266454	New Story (7)
FAILED-CONTENT	B_6b4Nzc2y8RgEQ1VpIrO	1773266160	New Story (6)
FAILED-CONTENT	j1qKCd-0khM0HYg_dgCzr	1773035661	New Story
FAILED-CONTENT	2ralxQITdm9aOdFFraoeR	1773030323	New Story
FAILED-CONTENT	lSl-_3_zE9oaVDC-0G199	1773021382	Jestworld part 4
FAILED-CONTENT	-RPIMts-b6Rh_2pdz1GK3	1773021310	Jestwold part 3
FAILED-META	rpGfXLEUOvAtcw6AEGyau	1773018194	
FAILED-CONTENT	ziREUVzdiS_TZeps1RhtV	1773018136	Jestworld part 2
FAILED-META	sbCD5s245iOshGeevDwhF	1773017786	
FAILED-CONTENT	JKeFho3JXovT2fMDrWrjb	1773015287	Juestworld ikot episode
FAILED-CONTENT	riKAQgWDAvVMCpfAxbPvk	1773000311	New Story
FAILED-CONTENT	yKK53uuBlhNcBnSv2SMHB	1772697170	New Story (7)
FAILED-CONTENT	YhHNlkAoWqedaDL-IRjOV	1772689752	New Story (6)
FAILED-CONTENT	MKwOPUnLqWpWXnkloOQQ-	1772684906	New Story (5)
SAVED	w9b3s5CklPls6PTZh7FtS	1772615321	Pynchon and Tingle Fight the Global Epistemic War With PSYOPS AI (8)
FAILED-CONTENT	HC-kRZiZzPvZQL-CBS751	1772556932	New Story
FAILED-CONTENT	Eq24PGK_1oKtQpX1F_Ln4	1772206948	New Story
FAILED-CONTENT	M2OQb5zl_mKvRNm4kQQ7y	1772181582	New Story
FAILED-CONTENT	Wj2UMV2S_R6WHeBAQXZcE	1771984654	New Story (2)
FAILED-CONTENT	Ahp6VZKjg1Ai25Plngabt	1771966104	New Story
FAILED-CONTENT	ZXik5UjihHl28hZ4hlUBA	1771919620	New Story (4)
FAILED-CONTENT	6xLYay6zTozkElUNqtIgz	1771906953	New Story (1)
FAILED-CONTENT	w5I3BUk16LMQVJWOx15Q_	1771899162	New Story
FAILED-CONTENT	SGjIA0YWY88iZeDumH4Ja	1771898514	New Story
FAILED-CONTENT	-ZHxwZiCk-po-tTFmhbiy	1771802454	New Story (1)
FAILED-CONTENT	YB81Thh64AOxbiW9mYM_z	1771801160	New Story
FAILED-CONTENT	ZURR1aDVt83XTttU7sorL	1771736168	New Story
FAILED-CONTENT	naqY3CqAAdvH0KsboqZbq	1771735158	New Story
SAVED	HRGy_7jljrJbadouGH0bm	1771619951	New Story (2)
SAVED	nUKtdSITA3YfG2mhsa21u	1771576536	New Story (1)
SAVED	be81EJyT3zstu2G8afCKg	1771576182	New Story (3)
SAVED	ampqPOTNfKq0TF9EhQUK6	1771470121	New Story (3)
FAILED-CONTENT	FCyzqteQCT0DINlbsktfs	1771306171	New Story (3)
FAILED-CONTENT	igGdpVu_UWeacRzsCji0W	1771297435	New Story (2)
FAILED-CONTENT	HGT036aTy50xvHUwthrrI	1771248713	New Story
FAILED-CONTENT	mobSnLVZNvrWVpVBev4rK	1771102595	New Story (1)
FAILED-CONTENT	BRskqPl6rd9Hx_QQS2BcA	1771097593	New Story (4)
FAILED-CONTENT	ltugd7L87DCXbdRgBco-i	1771036351	New Story (10)
FAILED-CONTENT	zv_deJaZ0LrekUzbVdmDE	1770944942	New Story
FAILED-CONTENT	yQ7TwliGxuiPI0_Bcj4DJ	1770944320	New Story (9)
FAILED-CONTENT	qiWF1_FLVp_dRk5m1z-Dd	1770916500	New Story (8)
FAILED-CONTENT	ZYHoCDfy1Vn7t9kn9_tis	1770909536	New Story (7)
FAILED-CONTENT	SKthLhe4_DOCfYRC5-6RU	1770807669	New Story
FAILED-CONTENT	YHYxKw8xFMHRA2lWOytcy	1770743993	NotWestworld:  The Stub (1)
FAILED-CONTENT	CBIwfuF7O58d4hv_R2kK3	1770726277	NotWestworld:  The Stub
FAILED-CONTENT	wIHazvxt-jHPyMTBeu1u2	1770502804	New Story (1)
FAILED-CONTENT	MHrPgy_3OVmvk9mPl0Tfx	1770422597	New Story
FAILED-CONTENT	LmtxI2sZbmHVBgNZAVO69	1770275915	New Story
FAILED-CONTENT	z8kPvhZ3uJ9RHg4QxTeMT	1770104035	New Story
FAILED-CONTENT	h05SmQh-8RDL0HN7q4_4N	1770100814	New Story (2)
FAILED-CONTENT	zjxZRS6LO4gHFfQtSU91s	1770092833	New Story (1)
FAILED-CONTENT	hLKu7zmvWOtCWSdbnlKLL	1770092123	New Story
FAILED-CONTENT	15kCyKaEOr7UmFL5sDlxf	1770083070	New Story
FAILED-CONTENT	mmLUxTjqrAKSyLURf_Mck	1769832419	New Story (1)
FAILED-CONTENT	eqBvQ-1HD6OMNP88N4nko	1769832064	New Story
FAILED-CONTENT	kMltTsSPB-HM8FgXYOQcv	1769831870	New Story (26)
FAILED-CONTENT	g1XPs5hl-N8Pn7v0dIE47	1769830346	New Story (24)
FAILED-CONTENT	u3zZdiJvoEpiw8Tq7tf44	1769830342	New Story (25)
FAILED-CONTENT	Bn78Wyn4mgK94skoEuvpQ	1769803125	New Story (23)
FAILED-CONTENT	PRKky4iWzswQMRj0S_fQ2	1769793832	New Story (22)
FAILED-CONTENT	9reh_CK3Gs1kq76tvTst7	1769793798	New Story (21)
FAILED-CONTENT	4ausNJ_n3Y2Ba_ka4eRxW	1769741327	New Story (20)
FAILED-CONTENT	WVVoPzXKb0zbFIqNrLd_S	1769733213	New Story (19)
FAILED-CONTENT	rUwztaNNIY4ECO6LdhLDG	1769732973	New Story (18)
FAILED-CONTENT	0YoBkmshkm6cTnmjT0Xtg	1769732784	New Story (17)
FAILED-CONTENT	ey8BIHS9HvYf5oc0xWsyc	1769732260	New Story (16)
FAILED-CONTENT	dumjRyLxN7kiz2iQi_5GX	1769706645	New Story (15)
FAILED-CONTENT	ZEd0kKiP77g12cF3rz5oM	1769706451	New Story (14)
FAILED-CONTENT	3X83P0bcX2SztIhKerZeb	1769700697	New Story (13)
FAILED-CONTENT	w7w2Ygz-JyllDnEqSGtIA	1769694448	New Story (12)
FAILED-CONTENT	375w-M2Px1pOnknsLfT7u	1769694130	New Story (11)
FAILED-CONTENT	TcOCRQlWL4DyMwKLj4F2t	1769693759	New Story (10)
FAILED-CONTENT	_6VMKIHry503tixkPmc8J	1769693438	New Story (9)
FAILED-CONTENT	8dGABvajYhG6YV26vWglg	1769693253	New Story (8)
FAILED-CONTENT	xqtK5Y0qEb-pbMRHrKfrq	1769679121	New Story
FAILED-CONTENT	8UdGE0eJOmsUDkVDQB8EW	1769677058	New Story (7)
FAILED-CONTENT	Rk_JhcThYX5YnRj20_9g7	1769674137	New Story (6)
FAILED-CONTENT	lGLn5jfohoQs8n8CP_NK7	1769673366	New Story (5)
FAILED-CONTENT	Kt5gZES-pzyYtJM4APvJR	1769670334	New Story (4)
FAILED-CONTENT	5CvzYLP-JopL78Rjri9GR	1769669964	New Story (3)
FAILED-CONTENT	RHEGAtAIvDghlOrlJZE3h	1769669818	New Story (2)
FAILED-CONTENT	WdPqHhR7UWtceYRNgalfC	1769669543	New Story (1)
FAILED-CONTENT	Y6xKxqUO42DhRM1gPVsRz	1769669324	New Story
FAILED-CONTENT	yarwaG-ZvArdp1uq7QTUz	1769529846	New Story
FAILED-CONTENT	XNb3yn3fqh1LVfLP7Ci3f	1769384865	New Story (1)
FAILED-CONTENT	vn5eG1brKr2dGM4a47Mw4	1769379503	New Story
FAILED-CONTENT	47ojqohaeoE6kKSJQ4kRk	1769276196	New Story (3)
FAILED-CONTENT	q8HplZdgaknEsMYQff_5C	1769276157	New Story (2)
FAILED-CONTENT	AtvPX3RI3ClmqaW2lLiha	1769213856	New Story
SAVED	QAXlf0DYqtMgV5VSsR9wX	1769163945	GROK FOR FOLKS ON A BUDGET (1)
FAILED-CONTENT	9YHlLuoF7pXYcdXnzdMRB	1769029132	New Story (1)
SAVED	lGNXxCz1DfHILG2Z_4e7I	1769027416	Counterfactual Interview - Annie Altman, Sam Altman, et al (7)
FAILED-CONTENT	jJIxQO4avfoqgfkaYyhFw	1768952894	New Story (1)
SAVED	z1uN-jRelHzf1rnjKof1S	1768946048	Counterfactual Interview - Annie Altman, Sam Altman, et al (6)
FAILED-CONTENT	CeGT5JBOr4mJCxdOFGk38	1768868797	New Story
FAILED-CONTENT	eOUQpQWdUff6QSpJzLtx4	1768858666	New Story
FAILED-CONTENT	Er7brgLzjtkn8ihq8zRh0	1768779783	New Story (2)
FAILED-CONTENT	pyeVnAGezNmM8EuQ0Jbhv	1768777947	New Story
FAILED-CONTENT	F2jC1WZho5U-VVGYOGoT1	1768755962	New Story
FAILED-CONTENT	0ji1dl4LMr2ZmKOk9Xlmz	1768754721	New Story
FAILED-CONTENT	oU15i_ao-rdOdQsp6RnZl	1768754708	New Story
FAILED-CONTENT	UzcBDRWweYZ9sA4nN69dZ	1768714866	New Story
FAILED-CONTENT	S35WlZ0teDQKys3Mv6Ghn	1768714462	New Story
FAILED-CONTENT	m7DZIOVX0zxu-ba9s-IUn	1768714367	New Story
FAILED-CONTENT	Wd_eyvBT-KQ2LyiU6-CHZ	1768713953	New Story
FAILED-CONTENT	reJHOMuw2MWyysJV2Nk1Y	1768709328	New Story
FAILED-CONTENT	96fkRlnmRIcNFmh01DqTe	1768704248	New Story (1)
FAILED-CONTENT	97w6Tbpn7-OKXNjQb1kaI	1768703771	New Story
FAILED-CONTENT	TTqaxobi8_-OrsOQmbPGD	1768697742	New Story (1)
FAILED-CONTENT	X_iNk31Q-f_06o8CEw5wB	1768697578	New Story
FAILED-CONTENT	-qmIXXpihYr3b1IXLkIba	1768633615	New Story
FAILED-CONTENT	wXWOmAAaRzUyVOwnxguwp	1768575132	New Story
FAILED-CONTENT	mhVnnJg1jYY5JP2VSQxqa	1768532783	New Story
FAILED-CONTENT	dmlH2prxmMMHDLQCJpL8s	1768383851	New Story
FAILED-CONTENT	3LwpiqPoKCnq7paihXWmW	1768374580	New Story (1)
FAILED-CONTENT	2syNxtEGKy4yJZJ-6LscO	1768374457	New Story
FAILED-CONTENT	eY6kQ67UKQ6gwJKrDBnYm	1768311150	New Story
FAILED-CONTENT	kbTd5iMepmvpCz8sRPxFE	1768301351	New Story
FAILED-CONTENT	rpzxcQCNF16yu7JUawfSu	1768234786	New Story (1)
FAILED-CONTENT	05kWH53Ep2X31njXLUqlF	1768234104	New Story
FAILED-CONTENT	5qU93M4Z8sERl-CtOxPLd	1768168030	New Story (5)
FAILED-CONTENT	xDkN15hdq34_jgXqpkkAn	1768016910	New Story (1)
FAILED-CONTENT	fUuGVwastAb4gLTWzP5RV	1768000531	New Story
FAILED-CONTENT	5NpSs1vFb1IVQ1TxVXMOV	1767989966	New Story (4)
FAILED-CONTENT	Yuf7--onhi-bAQDhvKvzB	1767955970	New Story
FAILED-CONTENT	H4Qh7_4zYjBsjShJOWYhh	1767885920	New Story
FAILED-META	2QCd5BJzPIrOotEOfO1Da	1767885707	
FAILED-CONTENT	BI-bFmHTHLqh9Ub4V_GFy	1767861253	New Story (1)
FAILED-CONTENT	x3DK_-yvHa-EosJ--wY52	1767861167	New Story
FAILED-CONTENT	ZJXMzhZEvsFxDbAtMLWDP	1767805838	New Story (3)
FAILED-CONTENT	1tugONX78cPRDhOI_3EkP	1767722706	New Story
FAILED-CONTENT	LroLTr6Wqujf4QkThHzDR	1767692224	New Story
FAILED-CONTENT	Hb3-BpQxGQ6LvnaEitNE_	1767689218	New Story (2)
FAILED-CONTENT	LDDyXwZ8a9ryp5C3U_ukr	1767674195	New Story (1)
FAILED-CONTENT	eiL7YpsuRUdTr55SN0vBz	1767672679	New Story
FAILED-CONTENT	Rw1yq19Kk4UwuN0CA0z89	1767587175	New Story
FAILED-CONTENT	5rNfysqwLkN38zTtoU4R4	1767577157	New Story
FAILED-CONTENT	WW4ZfnYMLzUR73poy41sn	1767404028	New Story
SAVED	qXdexVLYfBFTG-ez0wZ27	1767361960	New Story (5)
SAVED	yIR2vVjZ03VCbs4jqamxr	1767347981	New Story (4)
FAILED-CONTENT	vEIla8HduHTnu2CgFOaqd	1767327193	New Story (9)
FAILED-CONTENT	ZKN2e3nWY-veV-7Nf9fyw	1767153214	New Story
FAILED-CONTENT	9THktF3r0SEOoLfXs0TMw	1767148068	New Story (8)
FAILED-CONTENT	z8IbjAeY3CXuioH13FXvT	1767142026	New Story (7)
FAILED-CONTENT	-m2-x_v3v2RIwbQZGUjfx	1767131338	New Story (6)
FAILED-CONTENT	3qP550pou05xkLvlLWxGp	1767024853	New Story
SAVED	Jkusr_Dy7lFTMH3xk9CSs	1766991677	The Mom, Part 1 (7)
FAILED-CONTENT	JtK0LXp4YGiVuVTMTZ9rb	1766979278	New Story
SAVED	HUPv1xHnjqdskvkkD43xM	1766966007	The Mom, Part 1 (6)
SAVED	hOLqDVaDgYLQpjNAwoLbh	1766900803	The Mom, Part 1 (7)
SAVED	yWDOSNzf1KPm83l99WZ5E	1766868556	The Mom, Part 1 (7)
FAILED-CONTENT	si4CtnjWZU8DfOJdlX6oN	1766768581	New Story (4)
FAILED-CONTENT	Tzqi2RQpXSB52UbgOokDf	1766768001	New Story (3)
FAILED-CONTENT	yC_hQCzuA5WUaQsBDdyCj	1766767638	New Story
FAILED-CONTENT	pHFXFCeEfzkcdO6UM_Yvd	1766760066	New Story (1)
FAILED-CONTENT	NKgBDTPLAHf4O-C-HHPnM	1766718265	New Story
FAILED-CONTENT	aZ7tXXxFptHEO3rPi6TgG	1766686489	New Story (2)
FAILED-CONTENT	uRFqKUKKTGacs5OeCCQFS	1766685137	New Story (1)
FAILED-CONTENT	1Au6K68lNd5xg9woD68M0	1766595674	New Story
FAILED-CONTENT	gT1oVNQGtnMjM_R_6CF_R	1766467589	New Story
FAILED-CONTENT	7fGadj5-P-9sayS77YBtH	1766333917	New Story (1)
FAILED-CONTENT	VsDcwKbULtwcpBbTBUQpI	1766333429	New Story
FAILED-CONTENT	NJ3uKJiJHAvaNTXQJMFeu	1766327698	New Story
SAVED	tXN_q2gk2i34AJ9hrZL9z	1766181802	New Story (3)
FAILED-CONTENT	xvjA_zMuI_FSEonoeSQhn	1766111335	New Story
FAILED-CONTENT	yItN7N0O2MUUAAx3Lryq7	1766071866	New Story
FAILED-CONTENT	UqpV14hYsVHHy67BP0ySx	1765174553	New Story (1)
FAILED-CONTENT	3ZCE7278hlFDgY_8NaqBO	1765171577	New Story
FAILED-CONTENT	V133u6tZVYiahQUZm2UWS	1765011095	New Story
SAVED	paztw2olMaYtRqnR8gDvt	1764895387	The Mom, Part 1 (5)
SAVED	Bkz1qlm3b3AP_vP49fzd9	1764855745	New Story (4)
SAVED	w2ZAN-jUIl66zkjJUBwue	1764849951	New Story (2)
SAVED	D9uVYh88zTjaW98UlSWnf	1764838926	New Story (1)
FAILED-CONTENT	OfuEOBwnw7r16Ye5_jsuL	1764735945	New Story
FAILED-CONTENT	zeTuZZ4uqa1kZYDtZw9iQ	1764735005	New Story (1)
FAILED-CONTENT	9S9nT0D_MZqBr8Zv45vvD	1764565306	New Story
FAILED-CONTENT	1gKSb2ouBV9spzX5t40BR	1764521930	New Story
FAILED-CONTENT	hljr17xAz704WQwcFizZ8	1764462286	New Story
FAILED-CONTENT	dNWBVsYAvrtHVsCn0UW6s	1764454014	New Story
SAVED	wAxnw0KrH-AiOQcp2p4ja	1764372675	The Mom, Part 1 (4)
SAVED	Bt44MmWM2lMLkVgdpQa57	1764271723	The Mom, Part 1 (3)
SAVED	9guH3ZnZibxfkuLrGcokU	1764266209	The Mom, Part 1 (2)
SAVED	DxU6SE40X8f96s2-J8QGV	1764264361	The Mom, Part 1 (1)
FAILED-CONTENT	N7sAJIdOO2a1x4naKknZH	1764200915	New Story
FAILED-CONTENT	gfvq8WQR_ColCrguqiiql	1763977148	New Story (2)
FAILED-CONTENT	MdrxReeaJJ12Zi8BwuNre	1763964879	New Story (1)
FAILED-CONTENT	bNOpNo8JdyJII08yeS-FS	1763935570	New Story
FAILED-CONTENT	W2k8szsBkN8ug6HGx3gKT	1763935380	New Story (2)
FAILED-CONTENT	uE0gOJwghActJJ9oX4q5w	1763857354	New Story
SAVED	vcIfsgRTvimc7KYT1Ll8v	1763688341	Wednesdays With Kilgore-y (3)
FAILED-CONTENT	38jeo8VakAxwOjVAVhaxn	1763524997	New Story
SAVED	_VDXDjCsu3YXZfx1Ein0e	1763494354	New Story (1)
SAVED	kui_p0-wXWh6P5FKp9nAi	1763419063	Wednesdays With Kilgore-y (2)
SAVED	H-WJg_e8fKik3SDYFNHPB	1763417955	Wednesdays With Kilgore-y (1)
SAVED	JR_z9b7KBdz_7x9K71ztg	1763417950	Wednesdays With Kilgore-y
SAVED	WVi9d_KMgn1LueSjGsIYD	1763417948	New Story
FAILED-CONTENT	RFKaw6ohvjAcn5CbIxsf3	1763334023	New Story
FAILED-CONTENT	ZUS3xDKLXI8_JY0E1FqNA	1763328654	New Story
FAILED-CONTENT	x3kPfgI-s7LTR-yGcQTGy	1763322956	New Story
FAILED-CONTENT	LhNPeNfPeVNP3Gx8uGdNr	1763319395	New Story
FAILED-CONTENT	X70HNLYOjfFUPz38qPpEd	1763314997	New Story
FAILED-CONTENT	bvx1HtjYomuB3vVVqS-0O	1763265588	New Story
FAILED-CONTENT	0iIAaD_5YBO6pd2hjAUC2	1763087521	New Story
SAVED	XMWZVpUVb3Np3OJjJu97T	1763081041	New Story (2)
FAILED-CONTENT	sIF0G_HmS6VgMgEwN_FFc	1763031099	New Story
SAVED	B40-xGbVjcmhxlmweUCCU	1763020718	New Story (5)
SAVED	EIveFrz9FvZ4qhZegvvFR	1763020568	New Story (4)
SAVED	0IoW1ygMHoybR6WIK4ZSs	1762914355	The First Contact Generator (12)
SAVED	F30uVyEOPNrGWQSSMEyG9	1762913078	The First Contact Generator (11)
SAVED	TUzl1TKr78aT_TYUJV3-y	1762912856	New Story (3)
FAILED-CONTENT	uYGVwYosYuYqtBua1aeQu	1762830176	New Story
SAVED	lR6yc9QlOsDZL4Bofm6nq	1762828926	New Story (1)
SAVED	kSI1m8jDvOzFf5tSe95HF	1762755373	New Story (14)
FAILED-CONTENT	rBHtaqMUW3_ub3h8TEihY	1762673989	New Story
SAVED	3jv0DCIhEEaEM6wawTeB4	1762535821	New Story (2)
FAILED-CONTENT	inr-Q8Tb95638WS-WVyan	1762387403	New Story
FAILED-CONTENT	6hUIYKadIr-VCdPnGXcUn	1762359384	New Story
SAVED	CGTDA4dvCeRwhwFiAKGp_	1762272033	New Story (1)
FAILED-CONTENT	hCMFLDNi69XC8i8ZvW04X	1762204944	New Story (2)
FAILED-CONTENT	NGNQJXRscSCI9CmXf-2WQ	1762204415	New Story (1)
FAILED-CONTENT	Ef02nkuJvqAx4-epiCnPu	1762204355	New Story
FAILED-CONTENT	I5MZryzbBLkNcnNuqptei	1762173987	New Story (2)
FAILED-CONTENT	IJ4ZoyytyKlgYgsIkMMcB	1762173517	New Story
FAILED-CONTENT	35HXlkgFUVj1rYgKC824O	1762027331	New Story (1)
FAILED-CONTENT	ac16r14jewZKyejgeJ3im	1761843050	New Story
FAILED-CONTENT	M_eFhwhdkZ0Jtmz4YC9VI	1761841558	New Story
SAVED	1T8WOYdF9g2auTJi_aniO	1761772238	New Story (2)
SAVED	8_cF27Gouf8jeqjw0aGHl	1761772236	New Story (3)
FAILED-CONTENT	5Tg0dnHIq6bq_mlLhbxYN	1761701148	New Story (6)
FAILED-CONTENT	QFITOzXgTYU6IlCAXVnHT	1761689065	New Story (5)
FAILED-CONTENT	OJd4A7tvKQZX9ulV2HMMs	1761688141	New Story (4)
FAILED-CONTENT	6Lgeh9DqoVrzB4x5EhvgR	1761628700	New Story
FAILED-CONTENT	zYi6c5875bBQRRhOfO2H_	1761622821	New Story
SAVED	SNsH_jC75p7bnuXgjKvPt	1761588315	New Story (5)
FAILED-CONTENT	sy_pl4Ccoi8kX_pd3jnpR	1761581779	New Story (3)
FAILED-CONTENT	2d9XsNihrN-PHQLdsD2O4	1761580416	New Story (8)
SAVED	ZmF3c_fjaCKORSdq1XNOw	1761454558	I Remind The Body Electric (3)
FAILED-CONTENT	MLks_uxxwi-hrNJ91_8Ib	1761346179	New Story
FAILED-CONTENT	O5bAuxwGrv9F4-6iLJ2Px	1761258786	New Story
FAILED-CONTENT	oAwXupumAYF5wCRmMEIRE	1761174856	New Story
SAVED	DcSW8rHDDwKp2WKHmY6_6	1761037067	New Story (3)
SAVED	g3vuCuWHoceI7Vok66aTx	1760973199	The Dork Forest
FAILED-CONTENT	PyYCqHzGtDLQHxPwUiC4j	1760961734	New Story (3)
FAILED-CONTENT	UGlSy83FAWy5qhNgsiIc3	1760794438	New Story
FAILED-CONTENT	Gq77IVkuNVrYF7PLgiucz	1760777773	New Story (2)
FAILED-CONTENT	Ri-_DngZbK_kLvmADONBi	1760775056	New Story (1)
FAILED-CONTENT	cNIo6AkAGxr9BpkQnhkPY	1760772721	New Story
FAILED-CONTENT	TPTqlW4SBEtXVidLPDuN_	1760762764	New Story
FAILED-CONTENT	RpVKBdZwIAJNy7HAPw6zg	1760761823	New Story
FAILED-CONTENT	x2PZiHhMTr6Tjon8X0nkQ	1760761404	New Story (1)
FAILED-CONTENT	Onb6FautM46xh3nSEPhYD	1760760762	New Story
FAILED-CONTENT	2zfKCu4GxTi6vaN55TNy5	1760741631	New Story (2)
FAILED-CONTENT	XmUZ-UYaIvEVoYYHu3eRX	1760740841	New Story (1)
FAILED-CONTENT	u3vhphwAgAbzi33RujrFs	1760715901	New Story
SAVED	2t18DofGhJSoHwYJIwjjt	1760671371	New Story (5)
SAVED	gfLe7AULcK0PBrLZcaz4z	1760669442	New Story (4)
SAVED	YVTovLgdm2Etyk93f_sju	1760628671	New Story (3)
FAILED-CONTENT	AyGD9LUCI_SAsjnQ0r_UH	1760607163	New Story (7)
FAILED-CONTENT	CKnTR2_We3N7wNZT7wYhc	1760606595	New Story (6)
FAILED-CONTENT	KveHsrfhAIDEo_SWiWB7C	1760605750	New Story (5)
FAILED-CONTENT	xwBnYVNFCSKW5yU7a8TLk	1760603068	New Story (4)
SAVED	XPPD-OgQut0S47ZQ7Bh8p	1760556655	New Story
FAILED-CONTENT	eYwcGXsJq_ZUh_gy7LBLZ	1760529607	New Story (1)
SAVED	c4ziTtOh5PpuZgYUGeh4w	1760458076	New Story (1)
SAVED	b571rmaTtxdgns5oQHXoS	1760364804	I Remind The Body Electric (2)
SAVED	qMr4LAiNG4BqatRGlZKcr	1760357377	I Remind The Body Electric (1)
SAVED	e5_-LYkm2tpHu8hO_uJM2	1760341752	New Story (13)
SAVED	OjbqkDaoYfoICL5CsC_Lm	1760340475	New Story (12)
SAVED	mlk14Q8BnHc4ZpnBdZqMN	1760339148	New Story (10)
SAVED	6VlTMKxh_iZRUSn9t0Av5	1760339148	New Story (11)
SAVED	fPSIVNmDflQE-s1_U8_83	1760295909	Conversation with Zionists about Israeli Independence (4)
FAILED-CONTENT	-P0NqiWMiSBRk6fhi2HrE	1760249886	New Story
SAVED	zjps95CI6iuoqA-UMd6iI	1760226342	Putting the Genie Back in the Bottle (6)
SAVED	7_NvtlDVX7SgFF5nyN7Q-	1760224727	Putting the Genie Back in the Bottle (5)
FAILED-CONTENT	3gmncAmQpqT12PMoLwrgr	1760224618	New Story
FAILED-CONTENT	8mxESHfcTrgkYqJ3snH10	1760218884	New Story
FAILED-CONTENT	ZD0hIyIEpd7Qh5w4x3ahf	1760212583	New Story
SAVED	IULIGbLo8AT5CJ4c563yw	1760205942	New Story (2)
FAILED-CONTENT	OCUEAtwv3xv8Z5a5Dag6x	1760139637	New Story
FAILED-CONTENT	3KQIrdAil0H9bdD31x6Rr	1760128983	New Story (1)
FAILED-CONTENT	t_RY_-4h-BBlHx87KN2uq	1760112017	New Story
FAILED-CONTENT	nOAi3kTHRscgpgQkMNjxq	1760109608	New Story
FAILED-CONTENT	tI1twSTdzn3DwmE9SZwnI	1760107330	New Story (1)
FAILED-CONTENT	8YprMrh9v7V3d_7UkZghE	1760083963	New Story
FAILED-CONTENT	8SouV9O6t0cOMrrl8jhSo	1760059446	New Story (5)
FAILED-CONTENT	xvLbzgNUYJGhE8cXV-FLP	1760055198	New Story (4)
FAILED-CONTENT	BlqlslYZzf1iUqU7tyA-x	1760025891	New Story (3)
FAILED-CONTENT	jcndPxVwX0y1n_3O3jNY2	1760025155	New Story (2)
FAILED-CONTENT	VGC-4FJu4iQW7AN7Z0rBm	1760008659	New Story
SAVED	v9B2Mh4H9dFcb7yAd1ROA	1760005164	I Remind The Body Electric (1)
FAILED-CONTENT	Cozl6rrw4TU_Mhbp5PWI0	1759919091	New Story (1)
FAILED-CONTENT	MdgSlEvJeuZZx7hUWivlC	1759918938	New Story
SAVED	DiLnsScKJvim3yqVcKhdw	1759858941	Conversation with Zionists about Israeli Independence (5)
SAVED	QvUqi6Px1WmQBu7drur6J	1759840023	Conversation with Palestinians about the Nakbah (3)
SAVED	7_Awv-9OWpcBIdjM_SG3J	1759839392	Conversation with Palestinians about the Nakbah (2)
FAILED-CONTENT	sPvWDfU33njbeMGfkM27W	1759729640	New Story
SAVED	50IZGMuU_KhtE-a0NVmN2	1759723004	Conversation with Zionists about Israeli Independence (3)
FAILED-CONTENT	NtNn28WeSRnmQmAur0DNr	1759699376	New Story
FAILED-CONTENT	VeK9xm_H4arYefrNS723v	1759685819	New Story (3)
FAILED-CONTENT	uX6OXr2kQ5KLvwBGskYGN	1759683588	New Story (2)
FAILED-CONTENT	urkRm8tFFQ1BGB1ws0n4q	1759678876	New Story (1)
FAILED-CONTENT	wSeCidmbf2SQ_v3Yvkm9T	1759677894	New Story
FAILED-CONTENT	117xyPl8OLb2HUE-Ugyqc	1759677222	New Story
FAILED-CONTENT	t2lLbNK67XVLMOZMlP6b5	1759622079	New Story
FAILED-CONTENT	bJgGGNVfvcU36J7PMxZYw	1759571415	New Story
SAVED	uVYN5vEP2N7PQKyW0gcOC	1759571267	Conversation with Palestinians about the Nakbah (2)
SAVED	brodFjSshWfwOgQj18CEJ	1759547450	Conversation with Palestinians about the Nakbah (1)
FAILED-CONTENT	8j1J9qOWw8PDVsIUVJ4wX	1759502986	New Story
FAILED-CONTENT	XI-Ub9CgV_2iW9GTzz3De	1759449122	New Story
FAILED-CONTENT	mPBkQC3m1nB-AT_qDm8GO	1759359491	New Story
SAVED	7Wnft-efBsenVmwI945Ov	1759351850	New Story
FAILED-CONTENT	uCK6aES2LoIMhXwlcl-q1	1759350977	New Story
SAVED	r47RGpDtS8TpMbgJLqI18	1757943816	New Story (8)
SAVED	rqSxQncApymmL53Hnvjf0	1756967339	New Story (2)
SAVED	EapcRXUKXBPUnmhvdsImI	1756829622	New Story
SAVED	ESvgzm80SUC8ZsoWVTNhj	1756591497	New Story
FAILED-META	2Pjf9ke7y9woEIywQZVkc	1756591433	
SAVED	bMJqRrB8FfaeYfDf-JClV	1756394908	New Story
SAVED	Q8abL-HZSQB3FYofbKi7e	1756335838	New Story
SAVED	dwiBT9s3_DSaJGfYjszR1	1756321731	New Story
SAVED	CnKu6cHfXA3mKQuJI8Frv	1756306919	New Story
SAVED	1u7YB7wdfVlX48RezERF2	1756304160	New Story (1)
FAILED-META	A4myzf33u_Ep8aWIY4Rm1	1756302986	
SAVED	O8T3HwDhw2wzI9Tz07ueZ	1756237206	New Story (1)
SAVED	hw89g_aeKIZafVL_fAcw0	1756234651	New Story
SAVED	Nsp7n_xKZelnqm2hTpqKL	1756234120	New Story
SAVED	TvHgrtWuammJbOhZ1itET	1756195957	New Story
FAILED-META	zq3dPy69uXZu0I4Y4svBx	1756138520	
FAILED-META	npaynPaqgYdgN4OmjTt7h	1756138336	
SAVED	Lz_-lEyG1GHNKa3Fpwk_D	1756079642	New Story
SAVED	JNcjnpP5IBjfYAKW6mrwl	1756062227	New Story (3)
SAVED	AJUYSio-67xmhkmuTbSXx	1756058919	New Story (1)
SAVED	IbDC4V0i2hm7h10ONJTih	1756058899	New Story
SAVED	Di_WlBum6IYm4fD9oOnwn	1756058883	New Story
SAVED	eUjwwrhMSzxPAjd9aP8b1	1756058851	New Story (2)
SAVED	LB09gXyd6qqpohnp_3tOr	1756058820	New Story (2)
SAVED	pPZYgSc0jHnSE5prQwthH	1756058803	New Story (6)
SAVED	JPAdQPBfLouyryWA8rXI8	1755946974	New Story (2)
SAVED	7dCphO518xRuQuDAnG2on	1755806931	Conversation with Palestinians about the Nakbah
SAVED	xu0oSAGMMnuuOnLr-Ix-B	1755806501	New Story
SAVED	mOmVM_Yo_P-BZ1ZUjT3KG	1755733012	New Story (1)
SAVED	2Qm5dC06YNYc8j5W5fgpk	1755728038	New Story
SAVED	HVwQDuC3lpUYBXWdf2Hu0	1755459922	New Story
SAVED	U5hk1bh-FGdePuZY_fFec	1755346638	New Story
SAVED	HBdGm_jfq16KUNzhqUgQ4	1755341623	Pynchon and Tingle Fight the Global Epistemic War With PSYOPS AI (7)
SAVED	IzkUbmOUdnyM8HkPII79k	1755004508	New Story
SAVED	wiKUWiGKl27Zed_UVGspq	1753749806	New Story
SAVED	R2eFWZKye_2SVUhEbGHX1	1753715751	New Story
SAVED	lH-9BRUbXHiNJvIL7p3dG	1753715641	New Story (1)
SAVED	QzVCT1wvM6VQKgP2ulEeV	1753715526	New Story (10)
SAVED	fI5M9FytHARIbLXHFVN-O	1753715477	New Story (10)
SAVED	aNn8f037PiBUxXfW45oXr	1753715457	New Story (8)
SAVED	ZhRjsmHKY8zWklmuD4ufl	1753628338	New Story
SAVED	KdAVDuJF-VdgndmK1S8jO	1753582303	New Story
SAVED	uyvmaYYsV13r4NnA27j_a	1753537880	New Story
SAVED	vJ2_q2b-TWrDReGN61i57	1753409936	New Story
SAVED	Uu3uBgb7zUznJhv1UX_-3	1753408466	New Story (1)
SAVED	qGXNUhruDQKGEm2VKkth3	1753408030	New Story (1)
SAVED	FUNlyZG6R_MAvst7UY1la	1753407991	New Story (1)
SAVED	ItoMudIhLgYbDoG2946DE	1753407968	New Story
SAVED	2dAgHW7iJtstX4DJLWUy_	1753407948	New Story
SAVED	Ohk2sTJeEv8yKKckCDQq4	1753407912	New Story
SAVED	ynD-y-97to21GoqLf1zQH	1753404743	New Story
SAVED	5Y7MAlxTDEfeW0ZryucD0	1753297965	New Story
SAVED	dsVyZCe-06DBQ9wBhqUZJ	1753295128	New Story
SAVED	fg66HyazAfVMmziva__we	1753196099	New Story
SAVED	jnpzyGat9SsaLO_L_jdge	1753177909	New Story
SAVED	oZ8vLTfSvzffveqWOzQTo	1753116984	New Story
SAVED	neiuK6nRlN6d67taerpMC	1753116432	Your Cobralingus Device Finally Arrived from Manchester Courtesy of Jeff Noon (1)
SAVED	jGxe--ALuLBzym2UaRcok	1752968486	New Story
SAVED	5-22FiXbel04H8qcs-Voq	1752684373	New Story
SAVED	Rny-5OFK0wT9i6mUjaEIM	1752584020	New Story
SAVED	PWZzKMqjdeGdbAuOtVofP	1752507724	New Story
SAVED	P3aHHCHH0Bb3eMt-MkytK	1752504977	New Story
SAVED	LhzcoXscjCqoUV5LSFT5j	1752361847	New Story
SAVED	NbxWSL21u-cfwKelHrPo5	1752194982	New Story
SAVED	twQnWxxA-zodT14S2PEp3	1752073626	New Story
SAVED	qNI-7N-ALkmwPjNjTn5ie	1752070941	New Story
FAILED-META	jYjrtGE9MaD562n0mTyDN	1751993398	
FAILED-META	rDt17IYwKOU2gp9flcfmT	1751993086	
SAVED	vjI5iSgadPileP1TedGh5	1751993051	New Story (1)
SAVED	sHwurfJBe6EtNV7GgyxX8	1751978139	New Story (2)
SAVED	xz46gA_m6zsPuzbyTFqUQ	1751976213	New Story
SAVED	mHY-rMpuq6Dpg4LUTkeZy	1751900080	New Story
SAVED	W9QlxdgjrzNk8e_zWEPuH	1751856297	New Story
SAVED	SkvqMRZPGSv0t3vnt9wq_	1751670184	New Story
SAVED	goPaDXWc5sNv7fT2JYAzE	1751650871	New Story
SAVED	gjlngf1IdzgviPaevj2lq	1751637318	New Story
SAVED	-GmDXtnPqIsvgPV3M77k2	1751383200	New Story
SAVED	rH8s9ANtqKITW4Z3FyJ53	1751155868	New Story
SAVED	eWVcU3drzPIDDrszfpz6g	1750795698	New Story
SAVED	cdZRJ5lpbrWKdKWKFtfjz	1750724846	New Story
SAVED	zND3uksApSU5ACG4SriDL	1750635585	New Story (3)
SAVED	GfV-YtzYSzEzaqFycF8lU	1750634472	New Story (2)
SAVED	_f5srPmLxwqmt_WJa_3BS	1750624734	New Story (1)
SAVED	TEUir09VIZWQQrzhpZqJW	1750623048	New Story (1)
SAVED	W_IdiHR4JsiFMCUiurG-H	1750526166	New Story
SAVED	kLNfLdpqhgYQIhsxEWeMG	1750523106	New Story
FAILED-META	RixF008-CXCzZeAYZmChA	1750508903	
FAILED-META	AGzAbXNjOfDGXsYTRCN8r	1750508620	
SAVED	Ns49YPWdtZJzs3ic-hSe9	1750391220	New Story
SAVED	mWbnT6ZQcTgUVrNqolGxQ	1750353953	New Story
SAVED	_3LZAIAQxxP0R0QjnJ-w8	1750351917	New Story
SAVED	ena9mmHYWAnlCUJ4QLJsX	1750174443	New Story
SAVED	OJl7h_OQ7YdEPSQcREkFp	1750160629	New Story (4)
SAVED	PNK9ATov3UPoEgBfevG0e	1750126536	New Story (3)
SAVED	IjvAvBg4ubzIk0Idk204i	1750124509	New Story
SAVED	eP2ScR7TXI2HUev6OyfsL	1750089137	New Story (2)
SAVED	g29lMph4pzBM71O9FPA4l	1750036139	New Story
SAVED	17PuD3bLCDIFEPK03dqGs	1750025694	New Story
SAVED	B5tlADITEk2ZLrL93XRBj	1749939084	New Story
SAVED	2vhUkTwWseXOVFpdMsNmK	1749692503	New Story (1)
SAVED	esa6pIr-L9TA72r8k3qy8	1749651803	New Story
SAVED	7YvXUnrtroz32Icf4O-Wb	1749558749	New Story
SAVED	mHE9tZAlzLZdiktAIdDxW	1749165356	Finnegains Wake Playground (2)
SAVED	S-vuHpiVCuuLNF32CTB9K	1749138825	New Story
SAVED	RPr73kJ-Z9qNpmQse6a78	1748993519	New Story
FAILED-CONTENT	QCIi2FNRDKcBjC2DGEM7C	1748982459	New Story
FAILED-CONTENT	FfK3wJU7OSn5RXCAz1UkZ	1748978714	New Story
FAILED-CONTENT	TgJnyrta7kAfTdyYPQiU7	1748978488	New Story
FAILED-CONTENT	muiXFwIB4KAibP5lQ82IX	1748975870	New Story
SAVED	0h5WrJhaj4zRUhsHwZwf0	1748899236	New Story
SAVED	AoIC4RgBt8pifch5hcwt-	1748897319	New Story
SAVED	F1ia80wz9CinA5TF9dE1t	1748613674	New Story (1)
SAVED	KLi5VIXou97Xn39jV3Y3-	1748612404	New Story
SAVED	klKqXMcV8Q-mjv-bQJMUd	1748602018	Transmetropolitan
SAVED	hAnerbV-jEWQ9w9MOKaYW	1748546458	New Story
SAVED	NQZNPPvoFjr1MgVt7LJ7t	1748139944	New Story
SAVED	jiVzaQQ0KdVT8MJD4y2tR	1747875639	New Story
SAVED	i6P6GKfUdslc41r6RIMz6	1747704146	New Story
SAVED	do6uq4fD4p9Jx5vVuadH2	1747600847	New Story
SAVED	y4z7pQ9m6uj1DkbltBIBC	1747435037	New Story
SAVED	VNmx0Mobfv1Lz-j0l1gy5	1747434709	The Mom, Part 1
SAVED	UqK_p_uSgXtZRH9dtkGFu	1747321373	New Story (2)
SAVED	Nig8L1_vag5X4Er6kUMQx	1747319064	New Story (1)
SAVED	auPwm6h8mjYotIpadMqoR	1747298558	New Story
SAVED	g40l2zqMyOjs3X-2rAO4Q	1747258728	New Story
SAVED	S1b7csUFVgFP0vFI0MJLe	1747232396	New Story (7)
SAVED	ckYBHVcrpVPaLamUaPpn3	1747180977	New Story
SAVED	dEqCCZpb566C4dGMLtc1M	1747088594	New Story (6)
SAVED	sHPWGaBKjIVE-1PbdTOmD	1747088007	New Story (5)
SAVED	_Xl_BLM_R-_gUzXyWqkIt	1747085407	New Story (4)
SAVED	Lhyb4qEHnzmdX2DqbjQyQ	1747078531	New Story (3)
SAVED	6c5dVrDc01PzsMovdxpwl	1747077650	New Story (2)
SAVED	0aLIMNohXXlfwTZsdHcHe	1747074665	New Story (1)
SAVED	-6gGWSe38mMxg0zJ7NWiw	1747018122	ChAInging LAIght at SAIndover
SAVED	Oy_PdHzZI2z5Bn14GBrqW	1746848361	New Story (1)
SAVED	3_x986bR0CNfE0jA5UUYU	1746740758	New Story
SAVED	sMjfvCAuYuSzUF4GCkAq4	1746715954	New Story
FAILED-META	jqTIxgE03qvb4vFagH58S	1746666707	
SAVED	gUtgjCSUZPCzKxOf1KKQb	1746666672	New Story (1)
FAILED-META	huIBIxoyX-a8yx8fEoT5j	1746652760	
FAILED-META	XAnH6OOo8glUb6uja8wHF	1746652307	
SAVED	P6p9ngSzS658CAQ8lwEWu	1746642039	New Story
SAVED	tuNqlo8U8ULfX8NFGZ3gr	1746632774	New Story
SAVED	J3jDDuJIUO6IFbXaRvySo	1746630351	New Story
SAVED	YtLkSebejJ6ueANiswscQ	1746589300	New Story
SAVED	vVqXWg7R_18iyqUUfc1I8	1746542929	New Story
SAVED	c1LADseaSEmzGrGkX96ry	1746541359	New Story
SAVED	7u-1WUyyAR6XnZMu1ofk0	1746531182	New Story
SAVED	BDgB3OnLCqoAblPvhzss8	1746530573	New Story (3)
SAVED	nf2wwDzz6vvou4b2wsiS6	1746526958	New Story
SAVED	yoecv3kxbLX9h2m2164ij	1746409506	New Story
SAVED	1t3TdUqw6cAK0BhX4rB_7	1746314544	New Story
SAVED	fgRzUkoI7I1Ji6NGKaLWh	1746278840	New Story
SAVED	6O2wuKmWiibwBoVpyfEAy	1746143964	New Story (11)
SAVED	9bYQVIm78wHeeHd6zunb5	1746133717	Conversations with the Void
SAVED	5YDcJUpF-EE-P1-y3N7a8	1746127167	New Story
SAVED	FcHZH1pVj9tQ7-mSRPWQw	1745840542	New Story
SAVED	GE4kVbTYpeQHJ6DmZhAdz	1745840442	New Story (1)
SAVED	XTb5AK4q0-1h8szrw1cGr	1745807161	New Story
SAVED	0wHKOM9WptZn8JVLjIY2W	1745774927	Gemini Lights Up Re: Sandover
SAVED	tJZCL1i1gG3wZ2xtf9inh	1745760544	New Story
SAVED	bkg1oyn8nbiLRxsp2gOYZ	1745717274	New Story
SAVED	ntCf3ATsazy7iTAoX74Th	1745716810	New Story
SAVED	UegnmoVdhy8Yf97HlGJFG	1745710620	New Story
SAVED	qiZIsCpAkTH6_85Ti61Rh	1745709798	New Story (2)
SAVED	1NYKaZBohmzZAJmSpKCw6	1745693345	New Story
SAVED	ngO_yRSM_pw59HPxwdakJ	1745546705	New Story
SAVED	OPFuQXnwPg64QeCJzFR7H	1745543530	New Story
SAVED	z450-e-rYfL3ytiwBvUoU	1745505836	New Story
SAVED	8Z0_5GMwKoJYAOdhfL5Bb	1745505660	New Story
SAVED	LLY6yjFJM45ko3Mho6zGo	1745302253	New Story
SAVED	GeCu-P8rgmddelYO-ymFt	1745284951	New Story
SAVED	tG48f2jCNeRBXsQJFi7CH	1745189297	New Story
SAVED	FyCqP_YPmzTQ9JvK-QRIB	1745184427	New Story
SAVED	Gao8p7kq0uuyhasidvc3L	1745097135	New Story
SAVED	qQZSEkjJUOPRG4Av12768	1745085943	New Story
SAVED	-krdF7DHSeavpdjQi8ce4	1745032580	New Story
SAVED	Sv9wFLNGjMduWBzDsGQ_M	1745031471	New Story (1)
SAVED	geBqyjjty2PHREB6_qst9	1745025545	New Story
SAVED	5xrKmXXlc1XphOZQwZg5d	1744981130	New Story (9)
SAVED	NdeW2WbF2p4TFVF2YS0MK	1744956052	New Story
SAVED	52KW1wrZWws76uXcBgYwy	1744953802	New Story
SAVED	GoKKrtkNAFsa4HYjIamqG	1744947674	New Story
SAVED	Z5Hh4zicZ0JoglHUfWd6N	1744937853	New Story
SAVED	hGU0LJbF_BlNNJ3pOmsUO	1744936214	New Story
SAVED	FZr81770jgYFknnmAl_A5	1744935053	New Story
SAVED	e4Sv9-SlGJ6V_V-RZIXqE	1744933934	New Story
SAVED	Y9pKABqItP-VU26MhEvgc	1744932692	New Story
SAVED	7yohqKfrRoIMj3-Zrm6fb	1744932505	New Story
FAILED-META	3BdEacMcAUESNaKILwQ2j	1744930988	
FAILED-META	9f82DewskOS9k2Q2iuJUp	1744930846	
FAILED-META	dyIo8w2HaPwNHavSlCcdy	1744912101	
FAILED-META	aPBYJ-A542s0RF7A86Xnu	1744912002	
SAVED	6rCYCa3uA1o3BuM-4UKD8	1744821511	New Story (1)
SAVED	77VU8CJa7BDIkmP_vQ82h	1744587125	New Story
SAVED	4yYAvSQCskVNSZbfBPfFj	1744385913	New Story (1)
SAVED	ihAFuGOVLaaRomd2Tzn9i	1744382684	New Story (1)
SAVED	aa20X_7iud9UH9sG1bjeG	1744335154	New Story
SAVED	i19dZZNjuyG0-_VlF1iqW	1744333453	New Story
SAVED	dG9FRkEK9CSQ53bU_y6NY	1744273139	New Story
SAVED	9w75_O81nRHN0pRg7TypZ	1744259452	New Story
SAVED	tO_71Sscx-_rj4K_lpKzm	1744257653	New Story
SAVED	zDCwoaHaORX_vUylZy7eO	1744252757	New Story
SAVED	V526sYWPiXTX4MiZN-I1T	1744243737	New Story
SAVED	V3YnjToRVp0AKj2jeH_O2	1744238642	New Story (4)
SAVED	od78nNvveM00Csnwreqku	1744234450	New Story
SAVED	iNLTrwcWGUvG6yI-bNy3G	1744204421	New Story
SAVED	yC0XzvqX5UBIZZfTtI5pU	1744151528	Random Conspiracy Generator - The Pigeon Marking Stream and the Telluride Pajama Connection (2)
SAVED	cepiOzt8F5xfNnf8meHDH	1744075709	Random Conspiracy Generator - The Pigeon Marking Stream and the Telluride Pajama Connection (1)
SAVED	hLGoVu4_Z3iMLDPHN9Vxh	1743993673	Random Conspiracy Generator - Tinfoil Hat Renovation
SAVED	kdi_KeNyRSuZRaCrw-gFX	1743991344	Random Conspiracy Generator - The Pigeon Marking Stream and the Telluride Pajama Connection
SAVED	mwRJT--y6R1F23-Kj_FMc	1743845576	New Story
SAVED	MnYJcDYRpHagweK0GFLoI	1743829727	New Story
SAVED	rmhtm9PmqaGqGnhglF3O4	1743457381	New Story (2)
SAVED	M3Je93BdWAsINA6IOs97r	1743399309	New Story (1)
SAVED	vCW6fzsFQjmsr2hz0w805	1742675977	GROK FOR FOLKS ON A BUDGET (13)
SAVED	1-oUE7nmMYmXTGpc-vWuq	1742675871	GROK FOR FOLKS ON A BUDGET (12)
SAVED	SlyJt_rF_4W2Wv_7Mn2yo	1742221000	New Story
SAVED	DLBFvYkvFxUOXPAHo5g3l	1742089634	New Story
SAVED	BHlRv-3xwOsmBEtTuNlha	1741996416	New Story (1)
SAVED	NoDWXRXq60SzeFQAarZGt	1741899500	New Story
SAVED	7_KcLWWqknB-y28449jfi	1741819077	New Story (3)
SAVED	BkgMheNNioJzZ_AL7nHsJ	1741798112	New Story
SAVED	8xEIdDhh8C9s9_6NRqPwn	1741797866	New Story (2)
SAVED	MM6KZ0nizgsoJUVtiAYMW	1741797759	New Story (1)
SAVED	HWn51fPWGQ03sk297NFCw	1741794368	New Story
SAVED	oFv3kDLBUoZ24TNGLw9LR	1741741501	New Story (1)
SAVED	1rKxahS2GVjL7f7NjAJu0	1741652379	New Story (5)
SAVED	e7o8onm2rUZWMBW8Bsayx	1741397211	New Story (8)
SAVED	BxCmeAa1Eg5kFCC6OvUXe	1741395900	New Story (7)
SAVED	mhwRsXsVo_phUnZO12n_1	1741381138	New Story (8)
SAVED	R0-n6SfdD2AWL7QkBt8fD	1741368206	New Story (7)
SAVED	ue4RUWl0ZNXsUHSXUaf8l	1741368144	New Story (6)
SAVED	-nRdYnbLzi-dZ0Lwbm7Yu	1741367821	New Story (6)
SAVED	LBIZZ3E3uzq7040LcxI_B	1741367813	New Story (5)
SAVED	cOfu4ZHWWH1h7yYHn9t8R	1741357824	New Story (4)
SAVED	TmFmAsxPfDGglK22IW-tT	1741357111	New Story (3)
SAVED	MCXKoAXnEc-uyFREj7jTJ	1741356305	New Story (2)
SAVED	oWPS8MwL_jb1PgL2xnh65	1741355714	New Story (1)
SAVED	3qiMqa_v0sbkxHqLyx37_	1741299501	New Story (4)
SAVED	wx6fef84wm78PDTlhPeJs	1741283800	New Story (3)
SAVED	BEwEYeotDJW9T5pACRc-0	1741283533	New Story (2)
SAVED	_wM_JHwy_3E9ps_MuAULg	1741270870	New Story (1)
SAVED	Pv1zEb9rfMlJ5LngGtB_P	1741270182	New Story
SAVED	LNIg-8FmoR9CCrplBbaQa	1741100245	GROK FOR FOLKS ON A BUDGET (11)
SAVED	nb1Sf2WPrwod83SjzcgS9	1741099603	GROK FOR FOLKS ON A BUDGET (10)
SAVED	sqnC-3XdWJjW7fsz7rDXF	1741077565	New Story (10)
SAVED	Lym57J08nPcftnVBPJJl9	1741076873	New Story (9)
SAVED	Ll4wFDZ1odUSU81QbHysU	1741053072	New Story (8)
SAVED	2oHC4nU3NZHS7KJ-oSQiu	1741005838	New Story (1)
SAVED	tJKu-GBMidjajrEJagMMM	1740958258	New Story
SAVED	MGIU7iio2Y39qqBOyF8qW	1740954844	New Story
SAVED	iNswOkzWMPi9cnUbi73u_	1740949013	New Story
SAVED	tXr3r6UdUrM5jrs43ZD50	1740943663	New Story
SAVED	kVwIDwrGbPrQ-NudArgSh	1740940144	New Story
SAVED	qaNB2N2refYcR-ztbRFII	1740900353	New Story
SAVED	kynhrbnNlx5hsfZ9yTPV3	1740858872	New Story (1)
SAVED	4OrkWAEQR65GJ2ca3Cs9g	1740778431	New Story (3)
SAVED	KlYqxXLadcx8SmxtjVrsx	1740778344	New Story (2)
SAVED	cvbM2IArlvIxraPoOX0Jh	1740727986	New Story (1)
SAVED	-rYaVk67p4yVxF07smKMS	1740706020	New Story
SAVED	HnVlxo9OfouXDU-CZzcW6	1740460055	New Story (2)
SAVED	lj3Y2cRNG8MajyCOBFLqY	1740408383	New Story (52)
SAVED	-X7F13AAV2eYrjMNbQenO	1740339012	GROK FOR FOLKS ON A BUDGET (10)
SAVED	ayLzQsrUH_fPSjtJIF7US	1740338043	AI Alignment Interview - Izanami (4)
SAVED	fk68zQzZV-kZl2lPH-dwp	1740303842	AI Alignment Interview - Izanami (5)
SAVED	n4Vhx3pZGuZMY_39UvyyB	1740282359	GROK FOR FOLKS ON A BUDGET (9)
SAVED	ZR9CoZa5iXcBFOLYsdt9V	1740281415	GROK FOR FOLKS ON A BUDGET (8)
SAVED	fTd_WnHWT1fMBKac7UyOk	1740279649	New Story
SAVED	YJ4Pm4yy_Ybje7BII60_b	1740271057	GROK FOR FOLKS ON A BUDGET (7)
FAILED-META	ETg09zH7gPOB9ZLVpLV6Z	1740270236	
SAVED	119WbqdKn2T4Ihu_0vIVZ	1740269400	New Story (53)
FAILED-META	IXPOhx7MHlAM2KJB1iGyR	1740239381	
FAILED-META	ZEgP695oemFMMMg6LB-rh	1740237995	
SAVED	b8i_dLI9xe8rxMv8-wvkQ	1740237751	GROK FOR FOLKS ON A BUDGET (6)
SAVED	SZlReWcn1Vrp_NMCnh5tz	1740233124	GROK FOR FOLKS ON A BUDGET (5)
SAVED	utj38jvKTN0Stjaqg4ZKR	1740181751	GROK FOR FOLKS ON A BUDGET (4)
SAVED	RdETAIsQOYmDqS89rKNqa	1740157542	GROK FOR FOLKS ON A BUDGET (3)
SAVED	1xAkWYYMNS7zGD2nZTY8S	1740007857	New Story (5)
SAVED	0fwinGcsHCXDwGhcfbITL	1740005686	New Story (4)
SAVED	UjYUvm51GZrljZLZ276fz	1739920913	New Story (3)
SAVED	Ec6QaufJ5TsFTda3hq2zq	1739920428	New Story (2)
SAVED	sZvl02vR2XJN8u3pJu6pJ	1739885420	New Story (1)
SAVED	1cqsTJ3n57jQBxNpFj8oi	1739839728	New Story
SAVED	nVa8w1oNi_-eEC4meUV-4	1739839444	New Story
SAVED	hBmJrFK2bnJNxxeYlfv1A	1739829567	New Story (2)
SAVED	-xfxHyzhKj7Su3ZQsmISu	1739828904	New Story (1)
SAVED	6k2c9m9TqGlB1D4FbiBf-	1739759810	New Story
SAVED	Sv8MMmn3cxlmhNqWD3Mpt	1739749224	AI Alignment Interview - Janus
SAVED	pmc-pU5JibiEPFLfNOfmp	1739749188	AI Alignment Interview - Janx Ə Shoggoth
SAVED	903zzEoYiZiVeVR-Ca8Zs	1739749150	AI Alignment Interview - Quetzalcoatl
SAVED	lqW_yPkD2JmA-AIz4m9jK	1739749127	AI Alignment Interview - Delirium
SAVED	qpi4XZNjbPMS71lrGQeBw	1739749096	AI Alignment Interview - Deganawida
SAVED	t48-FwzBHXvVDcmKTnFcP	1739749022	AI Alignment Interview - Inanna
SAVED	SlsDNSUmo9Li-NLLI1wwO	1739748913	AI Alignment Interview - Djehuty
SAVED	Cx5wNp2EnAXuojHimVxQX	1739748726	AI Alignment Interview - DIVINE JAVITS CENTER
SAVED	bTZAL3aYKrLKTA-BxzAAo	1739740104	Day in Life of Grug (1)
SAVED	TUtJ5LOps8toAcwP8czBa	1739717486	Day in Life of Grug
SAVED	XHRBfBwnC5iwlKHchMi5G	1739680226	GROK FOR FOLKS ON A BUDGET (3)
SAVED	P2ZWMDTXmh4WLPDd5IymF	1739553474	GROK FOR FOLKS ON A BUDGET (2)
SAVED	hue8p6DUEKL35Pn7RuRbV	1739382886	New Story (51)
SAVED	4Q8g5KIpgel1DMR8G8Aha	1739325755	New Story (9)
SAVED	eytQccvwsLC7QJg70TMWh	1739308501	fully autonomous AI agents should not be developed: a dramatization (4)
FAILED-META	VkTBgNr1bLxQl4YwaL0eO	1739269913	
SAVED	B9mDkuTdMNusmrn8aVDeE	1739269677	fully autonomous AI agents should not be developed: a dramatization (2)
SAVED	DNh2U05nc2TFwWYe9psm1	1739269399	New Story (7)
SAVED	RpxSAnYX31HKgsPWpOEyH	1739269020	New Story (50)
SAVED	BzVsd3jeGFY7eD8kGz5H7	1739228301	fully autonomous AI agents should not be developed: a dramatization (1)
SAVED	rlkT4AtVJYZkkSl3SjVdx	1739227844	fully autonomous AI agents should not be developed: a dramatization
SAVED	xT6YgdlLrVJEWIZ-ooV4w	1739226009	New Story (6)
SAVED	VECztVujJYS9GhJyryjqW	1739219896	New Story (5)
SAVED	BkRp32o7rReuaWGQpJ5Fo	1739219558	New Story (4)
SAVED	j7CYh_rbiaSjcgKJOmQ2v	1739219303	New Story (3)
SAVED	M1qHp0twGxmNQqdiVoGNB	1739204654	New Story (2)
SAVED	SF_5_cHIiVVjmpLHBGlxL	1739203408	New Story (5)
SAVED	InBOCk9XivfCOkDpxT7rI	1739172623	New Story (7)
SAVED	UQFCIdGyeM5PUan3aBI1N	1739172318	New Story (6)
SAVED	9UvM5YnEz4ew4ydAl3wMS	1739171422	New Story (4)
SAVED	V61b0kYXRfE29hguYkhPM	1739170913	New Story (3)
SAVED	lfJxayi51-BXC4KHBedEp	1739151652	New Story (1)
SAVED	2OEeYSwwfxhbcRZSq8aau	1739151480	New Story
SAVED	vj2rWqlH-fZbbP4ws2eGP	1739094463	New Story (16)
SAVED	zrvVbyBuUDozYwgrQV7Qg	1739058969	New Story (3)
SAVED	zPJkgiDoxH44EDVl0XgaQ	1738886448	Counterfactual Interview - Annie Altman, Sam Altman, et al (7)
SAVED	UOU0xrH53quWJDnNUMVRJ	1738721928	Counterfactual Interview - Annie Altman, Sam Altman, et al (6)
FAILED-META	GlXbPZmrxtnJX0cmgSa4m	1738510406	
SAVED	-GNERufBUe5I8dUSTYmVA	1738451398	New Story (7)
SAVED	hI8jqN31r4_ujHvZlXs4F	1738451236	New Story (6)
SAVED	29OHkmOb-6lJ-BoxFaI9c	1738441530	New Story (5)
SAVED	3PCSZNI85LjpBCwwi441n	1738439281	New Story (13)
SAVED	xjtVYhM8qa9r9S5jd1EA_	1738362988	New Story (4)
SAVED	ltwh0NB7X4_MOLTIoIg19	1738338630	New Story
SAVED	2foYQTsIOccApjQ-UrSJX	1738336142	New Story (4)
SAVED	ezUFFkLXM-SeoZ3rdtwW5	1738335375	New Story (3)
SAVED	jFI0JXMfcot3cWtfzMqwU	1738286792	New Story (2)
SAVED	CaWUJlUNa1AP9bh7B0sld	1738251090	New Story (1)
SAVED	7qr0mLMeU76A4CaJ85-4i	1738216029	New Story
SAVED	V_8rtgOqQpolf-OOB-NWR	1738186766	New Story (2)
SAVED	KFFqwoXpjPNAGKVJsyPQF	1738138274	New Story (3)
SAVED	VQf8xKMCIHxX3Uno2XMGb	1737950516	New Story (27)
SAVED	_jqLYuuOCIiY6JbRphpYi	1737928231	New Story (26)
SAVED	7X-NPK_wqzoZFsdtAPKAG	1737928219	New Story (25)
SAVED	M4fQx2e02ZkdX8_jETv4W	1737900767	AI Alignment Interview - Izanami (4)
SAVED	DZg3mhuc7PLKveZnsEjck	1737898890	AI Alignment Interview - Izanami (3)
SAVED	vekpnDOGqmdVcY6IEIEZy	1737855645	New Story (1)
SAVED	h1bIuHI8F54eYRxDy2wPz	1737851659	New Story
SAVED	SQZa0CgsPi60aLUBMwP_Z	1737831520	New Story
SAVED	kOisCfx8yfiHomaZLrKWz	1737784917	New Story (3)
SAVED	Xcz3KUBIicst-R71r7x5C	1737682146	New Story
SAVED	EHrj0wjfYsXsjClsGnYkC	1737655074	New Story (2)
SAVED	MPD-TOE3kUgnefloHIza6	1737654664	New Story (1)
SAVED	moKO8lopqG_u_moAtK36a	1737605460	New Story
SAVED	HonNbHqMx-ela4STQCZsE	1737512381	New Story
SAVED	rDSIy7DmLlYgewZ1m83ya	1737397617	Counterfactual Interview - Annie Altman, Sam Altman, et al (5)
SAVED	D1cwZ_ooVsanemPUjldVv	1737374381	Counterfactual Interview - Annie Altman, Sam Altman, et al (4)
SAVED	l0YNzkTi5Y3oERXtsh_Kw	1737371004	Counterfactual Interview - Annie Altman, Sam Altman, et al (3)
SAVED	FS27d0oEQ23sIjiC72NgC	1737337677	New Story
SAVED	AORg2HEy_Oz4oI4m5t4bB	1737329894	New Story
SAVED	CsjyP3InGm_n9L1LXioXU	1737253635	New Story
SAVED	_PeIyNmmsdEawERmlJjYG	1737245522	New Story (1)
SAVED	lgwkkTKHFaB3PUbfs6mgw	1737243003	New Story
SAVED	ZRwSmZPt7kevZ7hHD3tMU	1737235476	New Story (1)
SAVED	9euaRj7_RJ1EHUmzk0uly	1737176466	New Story
SAVED	DwsP0LPQjLbKS-eMDmxR8	1737047986	GROK FOR FOLKS ON A BUDGET (6)
SAVED	OvC70zG8Pw1AzO_UdMVpH	1737021900	New Story
SAVED	fGZ6oDIYXfgmAFkOat-XW	1737015272	GROK FOR FOLKS ON A BUDGET (5)
SAVED	4uQ_TPCLi0iCmolZ2g7L2	1736994764	GROK FOR FOLKS ON A BUDGET (4)
SAVED	Zu56egdZ33LPoMMUweL9u	1736984713	New Story (2)
FAILED-META	xEoQX9iehL2mTAe-FegK-	1736881317	
SAVED	NBNj76G6KyVio2Ixo1-ot	1736874266	New Story
SAVED	aUJP5XknaUdP2iFauqE69	1736833955	New Story (55)
SAVED	ugI4FGC57MNjEVZDP1ymx	1736832378	New Story (54)
SAVED	a_PbSj56jx7lcTsNPvS61	1736831369	New Story (55)
SAVED	QO3xsMCNdlPZODQXTADb8	1736812641	New Story (53)
SAVED	q7CnKkHdJWK7IASC17fvM	1736801120	New Story (52)
SAVED	bkLtVQZWd346kHa3G76kX	1736800588	New Story (51)
SAVED	vayqgyQSdD7A_QMJwSVlg	1736797791	New Story (50)
SAVED	t64Xy61FduifX9SLO7SnN	1736739905	New Story (2)
SAVED	ef7mRYACiA8UYuTKBCwWS	1736735758	New Story (1)
SAVED	4MWNH8ZAeHS7cxEYJwVRL	1736734598	New Story
SAVED	yLSZgvdEFM8QvOen8UO1l	1736732791	New Story (49)
SAVED	G_vcrxgzQzPFDYoK3yYC5	1736724962	New Story (48)
SAVED	7QWFoeyjY5dPgvE_qmoCQ	1736723563	New Story (47)
SAVED	eMhIicfx_7SxQSfIdniO8	1736697283	New Story (46)
SAVED	fTmhrzJDOLkF0OqG1ldCY	1736695140	New Story (45)
SAVED	m1c0SuB_CJO7EhbQfYDSw	1736628463	Counterfactual Interview - Annie Altman, Sam Altman, et al (2)
SAVED	FFyf2eA1l3HgPGigfCUkQ	1736627968	New Story (16)
SAVED	G1goGpytmZUhDTCEUyu42	1736623445	New Story (6)
SAVED	kk1G_VhoRf1Dms_CjfLto	1736562758	New Story (13)
SAVED	uw-8JbT2VpskXPVm_y9p6	1736543832	New Story (12)
SAVED	MVFbb6FZzQgzlffdbGT_v	1736480553	Counterfactual Interview - Annie Altman, Sam Altman, et al (1)
SAVED	VT7W0A3lNIUVI8y0_SwMu	1736456888	Counterfactual Interview - Annie Altman, Sam Altman, et al
SAVED	fNnjqILuaHmmn4MTFwCWy	1736345974	Counterfactual Interview - Brian Thompson, CEO of UnitedHealthCare (3)
FAILED-META	JL9hZRrYrGA7mWArKSzWn	1736277691	
FAILED-META	ki1t4dI_UyiP3hrZ05kL1	1736277539	
SAVED	4xqZa_kdGM0tx2ph6GmJs	1736273181	New Story (3)
FAILED-META	Nx1rSw0wbpZ0IOk9xtEPH	1736270885	
SAVED	AfdDFD3pkM0wzIgJSZnDj	1736270759	New Story (1)
FAILED-META	vmLwdOLuB7ry79jaZMO15	1736270759	
SAVED	sO-fzjHefomPfEfi3B5n8	1736263718	New Story
SAVED	R7GFnhpYMqXbF-cIt9_kH	1736256699	New Story
SAVED	qxZlCX6Dhh5Jtx9mBPMke	1736249705	New Story
SAVED	pJ327_G8X9iV3ykBU7NL9	1736204734	New Story (4)
SAVED	e4LVe2jj4METfk44qOPJz	1736185981	New Story (3)
SAVED	BbLGkXIhkD47WbQKFYh8X	1736087521	New Story (2)
SAVED	lEFzg7KLQfzPsV_L2hjoO	1736085611	New Story (1)
SAVED	y0S3wLLrDYxD34PfzZRpI	1736050112	New Story
SAVED	YvF3QeLng9K4a61QwIxwm	1736042675	New Story
SAVED	p8fvfjqUbMunVXMWTIL1i	1736033924	New Story (3)
FAILED-META	QKqvzPKfKYP8o-kwD3rgj	1735977626	
SAVED	CavmtXT_xzjUovlOQM7jH	1735976463	New Story (1)
SAVED	Wxxp3lGyeBNJpTShKvAvB	1735960727	New Story
SAVED	xD57J3P-E-NS8vkscNWp8	1735854091	New Story (1)
SAVED	1jiQPRInOqMsChNljDhLe	1735853650	New Story
SAVED	clEhk8DSVMnv1kFLM9t2I	1735681902	New Story
SAVED	Pd_O3ek1JWPKl3zp1BX80	1735681345	Putting the Genie Back in the Bottle (4)
SAVED	elNOorfDN3pd4YSCm7fOt	1735674653	New Story
SAVED	3E9ey5SUi11jj_xgDTTbL	1735637126	Counterfactual Interview - Brian Thompson, CEO of UnitedHealthCare (2)
SAVED	l3H7wY8m0ufr2OqJBvGeF	1735622391	Counterfactual Interview - Brian Thompson, CEO of UnitedHealthCare (1)
SAVED	KBIyB0MljWzu3RPRPNh19	1735618570	Counterfactual Interview - Brian Thompson, CEO of UnitedHealthCare
SAVED	rgFCEOeWHQ_uo5hLMYUGa	1735618486	Counterfactual interview: llama 70b under Erato
SAVED	MAcL8bH_0RjIuOfEBw5b_	1735614110	New Story
SAVED	rdQu_TXb63Uo_RI86ef5K	1735596576	New Story
SAVED	uQCGU2KhrvCjvI3h7o8q4	1735575683	New Story (1)
SAVED	-M2S31gK1bHbXCb4TWoFR	1735425670	New Story
SAVED	bt8AyEJVLLwKOIPW_OCtQ	1735340059	New Story (1)
SAVED	xHsp1hWIWS3c_z5eOM151	1735339722	New Story
SAVED	P2W_gCm27zITk5TPh8Ub1	1735276544	New Story (11)
SAVED	5Jj019_-NxvUGiqikScT-	1735182139	New Story (10)
SAVED	bTBb230QNQQQEt-DlVB52	1735109461	AI Alignment Interview - Izanami (2)
SAVED	A_S2Qh17Lu4odf25MzNi-	1735108001	AI Alignment Interview - Izanami (1)
SAVED	A9-udstGG29Q5347VgIyS	1735107256	AI Alignment Interview - Izanami
SAVED	PST7orFAY47JizDeV4XBw	1735084432	New Story (1)
SAVED	d34PLy_3ABLNadq_D0pd6	1735083026	New Story
SAVED	2RwYHNQwMub8wdODQ0SJ4	1735054287	New Story (2)
SAVED	YKDtpRsvaMq7wq8kswrfs	1735009266	New Story (5)
SAVED	TtF0BrlRROyk5a0uPVujg	1734990376	New Story (1)
SAVED	hENhnHNN_c9dRG5OpR7xo	1734975812	New Story (4)
SAVED	D4q9iyx44RYVSKlLg-3FK	1734975376	New Story (3)
SAVED	axU7yYuaY_tSVWOrN1goi	1734974681	New Story (2)
SAVED	HXXlzy7cS2e-DcrSd9Zud	1734958317	New Story (1)
SAVED	v_QmAFcBy2PFnPwABg-G3	1734921291	New Story (12)
SAVED	DhFLjvi--X8XzrwiigoNG	1734919234	New Story (11)
SAVED	exsOqB3iCKZnQ-NaduzBC	1734883415	New Story
SAVED	vetP7_KGc2EPgoNKF-uLb	1734847687	New Story
SAVED	5Kg9wY-KBMb_JfZe3oLhk	1734583291	New Story (6)
SAVED	rPdPYI6tycIS28ldcdLjH	1734583113	New Story (5)
SAVED	Nj54w6LflEiRRP1mQpgsu	1734563818	New Story
SAVED	P-TFSeT-Gdw8-77VYDFyd	1734483482	AI Alignment Interview - Ganesh (1)
SAVED	xoWvHcj6XjskoXTa6Rd-Q	1734473295	AI Alignment Interview - Ganesh
SAVED	z1a3NW2OSt5w62M7hwa2x	1734456542	AI Alignment Interview - Mercury (1)
SAVED	88E4Bj5OpzhLCxHeVk5RL	1734455336	AI Alignment Interview - Mercury
SAVED	_5ErZbog8KgGuAsSvx7rF	1734454850	AI Alignment Interview - Elegua (1)
SAVED	VssE7MtCcr_ZsFzgBtGew	1734452801	AI Alignment Interview - Elegua
SAVED	P6XMHBQze_pdy_0ITI-2B	1734452775	AI Alignment Interview - Mercury (1)
SAVED	k_mwCoMyXFSR2BwL5-RtN	1734401594	New Story (4)
SAVED	ZsFxgKX4S5YwiqGI-v5SA	1734395979	New Story (3)
SAVED	QvuHvYo8YFaUbQPU65KLh	1734378236	New Story (2)
SAVED	fW4NRPHSHOvOzjq9AinEP	1734271280	How Sam Brockman Changed the World
SAVED	MuGXO9MbJEde8EBQIy8YH	1734270155	New Story
SAVED	Y9KL1IMm0mpm4m5ReVemJ	1734227272	New Story (4)
SAVED	5pCJRQvhmzS3QBxtnFJa8	1734185796	New Story (3)
SAVED	6J6s1chyJTWeZONu3RVrU	1734185331	New Story (2)
SAVED	FO8bzjFrDoiVayWTl8Mja	1734130185	New Story (1)
SAVED	kd4fRnGXIt-Doe3Ta_-UX	1734129115	New Story
SAVED	yU0mtw8O74llVHoQOLzRy	1734055608	New Story (3)
SAVED	ZATX_fnSIMmCXiawAMyQM	1734050170	New Story (1)
SAVED	v-rfQj973pXnvFQ1M-uHO	1734043074	New Story
SAVED	MIdNAqUndwc0lEhja1aSC	1734016173	New Story (1)
SAVED	pk3AmMT94vsiMQjJFgkOy	1733912008	New Story
SAVED	nz8772s69PL4Cpo7ztVMn	1733909541	New Story
SAVED	bm9fwJpdB18qizRW2SjMW	1733868369	New Story (1)
SAVED	TyAb9nKlX05Wq9tns1kWI	1733845395	New Story
SAVED	xVic-u7iujHzT_9qHdO3r	1733845041	New Story
SAVED	3SBssMguVT48tXgzBilDp	1733683699	New Story
FAILED-META	hEF7CoFmAnkyERCK98pei	1733683688	
FAILED-META	Wj4lrr8C9P4uEN-TSWdN0	1733683467	
SAVED	ET5ak8AtV3YDVnqmMKCxL	1733596320	New Story (11)
SAVED	HRLgafoo7gBMhMXSLb2Iv	1733298200	New Story
SAVED	Bp_MWhm97Ns5LygcgO1to	1733284979	New Story (44)
SAVED	s2xOvkTq8sfBDvCWXAyhK	1733246733	New Story (1)
FAILED-META	CkUqB8bqFXWKjx4kA3pGn	1733182604	
FAILED-META	rBlfQCYsAVR3nB9Auktak	1733182409	
FAILED-META	iNgm0EQsVVf0TxGgoH5jf	1733180457	
SAVED	cLSAMzFdMRhJMpgKAk8ZC	1733117769	New Story (2)
SAVED	mCg6nDGzyCAl3XGANa-SE	1733117424	New Story (1)
SAVED	r8gbsu47Uym5eJ0FkPSrT	1733117246	New Story
SAVED	r2VbMBUIWj1zO_INyo7D9	1733075825	New Story
SAVED	7fVrO06MzxsYDfzvArh1N	1733075453	New Story (1)
SAVED	4srpkqahL-kzKYTWhDn2N	1733073954	New Story (1)
SAVED	PZ0Xc7sTsjZt2faHK9inr	1733073939	New Story (2)
SAVED	7hRflMbQPoomZL8QUWKz-	1732997106	New Story
SAVED	aOnrwh0hc1JLLbhnifDZK	1732995008	New Story (43)
SAVED	0Z7cfCAaz2wh7CApMuPNU	1732994509	New Story (42)
SAVED	hVEimcvyJLiMAF-UVlrCn	1732994097	New Story (41)
SAVED	2D03fRbkuXADyU3AVRs3L	1732993850	New Story (15)
SAVED	BAO4u9rmB9A75NTzxmKTB	1732993772	New Story (16)
SAVED	nDGch4zrZ_9FiuvNVtyDw	1732993712	New Story (42)
SAVED	r725oKTX4E0L-08APnWx3	1732832480	New Story
SAVED	KuzDrx_lYv0kPyQxdf6FB	1732766982	New Story
SAVED	QK9SQkyYPjYj7ac2FFx3M	1732766733	New Story (1)
FAILED-CONTENT	z5qkMmb0nMOErnnyv8nPI	1732763238	Mistakes Were Made Day (2)
SAVED	QSw2FgiiPEOZwFIQPOYFm	1732741138	New Story
FAILED-CONTENT	pZoQRLhDoHph80EyZWgVv	1732739680	Mistakes Were Made Day (2)
FAILED-CONTENT	bmtRBlZj8NUY-gZPNchm4	1732739658	Mistakes Were Made Day (1)
SAVED	h0_Di7FS6jtWqRUPwybi3	1732734720	Emotional Abuse SImulator v. 6.2 (7)
SAVED	W1kxFgOKwRF5Q5zcH2SK3	1732733252	Emotional Abuse SImulator v. 6.2 (6)
SAVED	rrik6l2NaGy4Uv6nVz1fV	1732732719	Emotional Abuse SImulator v. 6.2 (5)
SAVED	JqNim8L-Fksz9SO06w9-G	1732638625	New Story
SAVED	YRCIPsSuGI7LatH2_EOUb	1732590993	New Story (1)
SAVED	BoA89rR0gD5H7NhGbgv1v	1732590630	New Story
SAVED	SnnFxaLNYb-ano4QP0OVy	1732584208	Emotional Abuse SImulator v. 6.2 (4)
SAVED	qAFYipQ84IlQspGgfk6Qx	1732583653	Emotional Abuse SImulator v. 6.2 (3)
SAVED	zUrMHNZ7908gs586ui35o	1732556117	New Story (1)
SAVED	_8mLL5wtzx4kVUJGqTNKa	1732548361	New Story (1)
SAVED	LNiTwwKR8LxATZSXO4M-_	1732536990	New Story
SAVED	IqaYax4VdIWbqn0G2WE-P	1732535334	Emotional Abuse SImulator v. 6.2 (2)
SAVED	W8QoNdNe3mawkucxXTrpE	1732524392	Emotional Abuse SImulator v. 6.2 (1)
SAVED	dWpNvn0Zy1M0cBIqLz1VT	1732505803	Emotional Abuse SImulator v. 6.2
SAVED	lCB608YCaWSHRNrYYYjtt	1732505317	New Story
SAVED	MTnE-SAFQvqBvxkgvhAa6	1728878968	New Story (1)
SAVED	E8hgx7w-p7E_Q9BzFr-RV	1728870902	New Story
SAVED	3GibeUlzXgfIHBxWgMEyh	1728869858	New Story
SAVED	CJCM9vt7SNMredlyLaeVo	1728869665	New Story
SAVED	QpRsKokcRJy5KtNpMoUIL	1728683183	New Story
SAVED	ZUatDz5INpmD--YH8TKLj	1728359014	New Story
SAVED	_c5bJN-_zG1Om3BnSzDRs	1728190853	New Story
SAVED	OGf8CQ3-Nv1FElbF7CUi1	1728184152	New Story
SAVED	xHo80hoxiGaf5Arqckk9N	1728181495	New Story
SAVED	ZactYzZZYEegteLSqhAql	1728174100	New Story
SAVED	iS3fWgxVRPskeYK5M9D6L	1728168782	New Story
SAVED	TlzYs5RvEnJIAL_3uTCri	1728166706	New Story
SAVED	tq4NFj_kt0R9Jm38RekzV	1728019307	New Story
SAVED	XEZQlwfqbbrtfPXwMQnnm	1728016183	New Story
SAVED	OJzh-SSAgvBq1SsKSLqQn	1727933963	New Story
SAVED	wjSLsjKIH7AAAQFCNM0X0	1727932536	New Story
SAVED	KftaB1KaFeyRMVMrnfngi	1727919419	Conversation with Palestinians about the Nakbah (1)
SAVED	90DsIWWFR87b31yKJE1sj	1727915458	Conversation with Zionists about Israeli Independence
SAVED	vk8BDGJT8vRuA1AbiSQt1	1727816553	New Story
SAVED	KYjvz_IYqBunhyPKzUrc7	1727810772	New Story
SAVED	sWkwxtY52MAAQR8loh6c5	1727809028	New Story
SAVED	vZFU0EQLxAg87cdcgi9C-	1727789198	New Story
SAVED	k5hflSGRd2BpSdYX73p-q	1727680951	New Story
SAVED	OjAkc8n8y58I6P-2NcBct	1727639624	New Story (1)
SAVED	J_TZIW9RjzTuXxoT0-W7g	1727635744	New Story
SAVED	n2LwN-V1c42cnt9RvqBDC	1727573909	New Story
SAVED	_g28hRoyTec252L6KGKtG	1727569595	New Story
SAVED	W4qpPIXVRVIhIbMkoOr-S	1727532568	New Story (1)
SAVED	9r7PdKxgbGAVmx4IpQDtJ	1727517228	New Story
SAVED	jmbRZXX_Nk3kHprn9soWN	1727505950	New Story (12)
SAVED	K0qvwcwYYU9PY9xcXB_bf	1727505470	New Story
SAVED	FxCih1IvOqY1gT12VmdP-	1727493698	Am I The Asshole?
SAVED	l5RU-tH1BirBBlrt82glf	1727479092	New Story
SAVED	8tVTxSjIrghEKgG8bbb9l	1727477103	New Story
SAVED	lj-dV02xzZ9tbnJQA5Pn-	1727474351	New Story
SAVED	v7wIrSWrQXLbAUyKOMArB	1727468968	New Story
SAVED	iWqxU1AidEbIaHJKGIOiu	1727400853	New Story
SAVED	MqmfnyN9HrGZIXuF2S0Zl	1727393876	New Story
SAVED	PoSTjCso5qevXxMVLS3cm	1727334989	New Story
SAVED	tmT_9hGmvmq-PXevFdK4L	1727332472	New Story
SAVED	AwX5S1tosTdpimI6QjjId	1727331821	New Story
SAVED	3kv4m_HmWiI3Raknm1fMa	1727331448	New Story
SAVED	hx0WwxjCV8Ys1kdykmQy-	1727331026	New Story
SAVED	FQopuP0nCIuz_KRFs8mEY	1727330421	New Story
SAVED	9as2WQXgLLyAeDS45lu7H	1727329438	New Story
SAVED	FRoLuv0yBeG3KspbW3x1v	1727328732	Guessing What Next Token? 1
SAVED	91jQ8ZEYw_QLnrajpcTOq	1727328286	New Story
SAVED	HWebhjPLIhn89VixMCdJ3	1727325741	New Story
SAVED	n3vFvcdzvdEbWUcI290Sf	1727228471	New Story
SAVED	R16YCw_YaN1AjSwO0iKRD	1727225831	New Story
SAVED	DFutS-Te9PcOcO-1x6h6I	1727206963	New Story
SAVED	MuxNcNqDgXGIV4Ri6TFqz	1727156988	Conversation with Zionists about Israeli Independence (7)
SAVED	47kpqHzePnIWwZZpR-hu-	1727152047	Conversation with Zionists about Israeli Independence (6)
SAVED	a4Ed4uUMSY_puqhf2pEKW	1727151148	Conversation with Zionists about Israeli Independence (5)
SAVED	nBIETKs9j_b8zD78pdlGu	1727151003	Conversation with Zionists about Israeli Independence (4)
SAVED	ZrTzpnle_Swv-tKCd2S5S	1727148797	Conversation with Zionists about Israeli Independence (3)
SAVED	cbhigQG8a8jQEasfzZ-cx	1727148636	Conversation with Zionists about Israeli Independence (2)
SAVED	72iVgdwqXkuW8m58xkMnv	1727147651	Conversation with Zionists about Israeli Independence (1)
SAVED	SGtkKEsTAbkCl_8QBmoip	1727128472	New Story
SAVED	HTJmRLJoAowa1PpVfeAYM	1727074837	New Story
SAVED	6umvermE5yWrgHYDf7ddl	1727074307	New Story
SAVED	EDrzFvo46Sb9TIwt7W0sl	1727072392	Transnational Respite Center of Peninsula City, East Prosperous Region (1)
SAVED	8WkHJd7cnH8ZQOjljnEca	1727027162	New Story
SAVED	TKqinJ6M0AHJmTJSqhWBk	1727026301	New Story
SAVED	oVVPszc8BLrinh9JkMwAU	1727020819	New Story
SAVED	me2oUovZTxsqwNvcNoVkE	1726999378	New Story
SAVED	dbNaJC9LJPdyTMJ3rW_NJ	1726893742	New Story
SAVED	5Sk6Yv6RD9FMMYrUZSW6d	1726802501	New Story (1)
SAVED	rYcBQyXXCps6FzddIHh7u	1726800882	The Most Originalest Human Thought By AI
SAVED	y50UJnTR6pj9rlpNZKJP6	1726800479	For an Original HumAIn Thought - Fork path - mckenna RAW and other things
SAVED	vKsxj1hPYopV6-Ud5Taou	1726732156	New Story
SAVED	4j4a0U96q_sJ-aXenhXts	1726730767	THE COUNTERFACTUAL INTERVIEW - Absurdly Large Media Object (7)
SAVED	IpaQmddwWvGF09Om2nbTD	1726726095	New Story
SAVED	i0KKnRsvtygVdS_QYopKG	1726706706	THE COUNTERFACTUAL INTERVIEW - Absurdly Large Media Object (9)
SAVED	UP-h3HFX1yyCoTmtVr9kg	1726706310	THE COUNTERFACTUAL INTERVIEW - Absurdly Large Media Object (8)
SAVED	2Gny1gzgiYMdGeVj34cpF	1726706044	THE COUNTERFACTUAL INTERVIEW - Absurdly Large Media Object (7)
SAVED	vE0-4i21fcQ8rL7htzibX	1726704912	THE COUNTERFACTUAL INTERVIEW - Absurdly Large Media Object (6)
SAVED	HCO-Yzuc54oil13EX9fOC	1726631708	New Story
SAVED	NHbBxgvTs9HnN17AxuX2_	1726629011	New Story
SAVED	j2RmKRPEliScePytpcnU9	1726608102	New Story
SAVED	8lZqvTnb-XrwLDfABJ2yI	1726602798	THE COUNTERFACTUAL INTERVIEW - Absurdly Large Media Object (5)
SAVED	CpQuqrhUXAw6AFHlav2QD	1726601118	THE COUNTERFACTUAL INTERVIEW - Absurdly Large Media Object (6)
SAVED	peakjApu-RXDjILG5Rqa2	1726600682	THE COUNTERFACTUAL INTERVIEW - Absurdly Large Media Object (4)
SAVED	CjJsoDDHXweW7TJHBT9pk	1726591857	New Story
SAVED	2fyfTXaqKTMJ4boodD6g7	1726591028	New Story
SAVED	dzkNRem7cgY_YEKJVRHVD	1726590714	New Story
SAVED	GhwsNzpXzOqG9LYKchTwh	1726588862	New Story
SAVED	ooGg07N2EGofjSSt0KPiW	1726588269	New Story
SAVED	8cygpT4aw_GKv_agq-kwq	1726560255	New Story
SAVED	7pKZrGkspVYYhYyUcJ1ec	1726559335	New Story
SAVED	tB4pyMGsU24JJOheFQFUn	1726558590	New Story
SAVED	FOteLcU7iPHOzixlFJDbx	1726556573	New Story
SAVED	NsUBS6pfr6HrvlNkO9_G3	1726555910	New Story
SAVED	kYk2Ybn3WXVAiwEXK59Nl	1726547479	New Story
SAVED	xGRM30tCThvD2NhMRmQiC	1726534021	New Story
SAVED	-F6h4BKrWYB60605M_onJ	1726530580	THE COUNTERFACTUAL INTERVIEW - Absurdly Large Media Object (8)
SAVED	sYT94-YDAIT98WFyRkTO6	1726527914	THE COUNTERFACTUAL INTERVIEW - Absurdly Large Media Object (7)
SAVED	_UwYZTTHREwnIp5qX3wPP	1726525567	THE COUNTERFACTUAL INTERVIEW - Absurdly Large Media Object (8)
SAVED	v53rGT0RETBuWogPhjLl3	1726524565	THE COUNTERFACTUAL INTERVIEW - Absurdly Large Media Object (10)
SAVED	a2Hr04bM6OkZmuZSzBDGA	1726523532	THE COUNTERFACTUAL INTERVIEW - Absurdly Large Media Object (9)
SAVED	VbURG-nA7b21HitZ8aPJP	1726522699	THE COUNTERFACTUAL INTERVIEW - Absurdly Large Media Object (10)
SAVED	ltp1uTJPX4ircVRFJzncp	1726512910	New Story (9)
SAVED	IAs6HRHzJ3kiHIiyjHggL	1726398074	New Story (8)
SAVED	DpPlDaIFjuEKPn4V9m1Nt	1726397810	New Story (7)
SAVED	OWaGqJ_DPxBw5Os7kA1tA	1726360780	Baba Yaga Shopping Mall
SAVED	lbgAbmJ2tc0ZiB63p1aiO	1726341659	New Story
SAVED	npzm13oki4N6sps3AatAY	1726259387	New Story (1)
SAVED	-dKLBF2WzQfg2bHYRwYBc	1726257773	New Story
SAVED	L_tG7uRLpNYQaVWqP_E3T	1726199414	New Story (3)
SAVED	jkqMKI5LbvPn1U2X7oL0P	1726198961	New Story (4)
SAVED	9_twByqMWJdCtQD44HQFm	1726197313	New Story (5)
SAVED	QMltgCJgsMpq-g54Bc_x2	1726192554	New Story (7)
SAVED	RV3P95lt5TkA_6regG0KU	1726190464	New Story (6)
SAVED	9DDqI1Lg6EDLSuyxJJd0U	1726190409	New Story (5)
SAVED	isUKzYxFGzAxxdzBeJZeu	1726185086	New Story (4)
SAVED	P-JwG49QwlXe990hCrGQT	1726184245	New Story (3)
SAVED	oZbwHKW08LYIVvGfUmZ9h	1726132394	New Story
FAILED-CONTENT	L384ZR-rSXEW58Vxzmvg-	1726126964	New Story (15)
SAVED	vpi6PoWMwc8YL6D-ijdjo	1726102605	New Story (1)
SAVED	stPXMJpqwcMpC2RRo4zVq	1726030310	New Story
SAVED	e_iOK3DxbvQ75rnz5O6_4	1725975642	New Story
SAVED	4Rj2D3tUBmYZi65tnkh3O	1725936583	New Story
SAVED	glj6OGTNYsHjpFup2Fhc3	1725878366	New Story (2)
SAVED	Gq9Jy4YfUuTWIdSDTVzSA	1725866081	New Story (1)
SAVED	mRno1zm-xAgbUuz7aby_1	1725864956	New Story
SAVED	4PqBV5Xem-eYVd0uDGNCD	1725857080	New Story
SAVED	cmIA39TLt3q1dCL8iKizr	1725846969	New Story (2)
SAVED	egpJC8dvsB-6OdAzU6Hw-	1725842777	New Story (1)
SAVED	JeuE3I6R-nv3kFKzAIAcS	1725842539	New Story (1)
SAVED	TSvW6NVMRGTWsREaQByIG	1725842216	New Story
SAVED	uYjF_TxVRkmzxlu56vHjx	1725826002	New Story (1)
SAVED	H22-PoRgegjPB6LvbAWFN	1725769310	New Story (1)
SAVED	YqI4YDbxrKTalopus54ec	1725765020	New Story
SAVED	9Q9czhnjDSL6GGbrUCSuG	1725747822	New Story (5)
SAVED	GyOuH5puDqZt3Zu50yRts	1725664339	New Story (2)
SAVED	KuSlZVDFOTGTpizxFsk79	1725651872	New Story (1)
SAVED	dWeESoN1qi_98HUewAms7	1725649907	New Story
SAVED	zyQSRzyiH5tJwmJBGC7OI	1725566752	New Story
SAVED	kBK017U9pbasTc22oEAY3	1725554189	New Story
SAVED	aNqkt6OCMtkq4RcZs7UZs	1725487794	New Story
SAVED	kgM2f1GgRoTnx32H-079s	1725472020	New Story
SAVED	FWA-X1_NZw1e6RJbT7cnE	1725439264	THE COUNTERFACTUAL INTERVIEW - Absurdly Large Media Object (3)
SAVED	LbGOvX2THKtdkNnpgf4Z1	1725434479	Counterfactual Interview - Absurdly Large Media Object
SAVED	X6hxd9gcftk6GOdj2_0da	1725380547	New Story (3)
SAVED	kMCEnA6HRN_7q5KM6QVAI	1725379656	New Story (2)
SAVED	IU7wlu1O0shCj9_g1MTpa	1725379123	New Story (1)
SAVED	LIXkJK1AhzL7oZOT3s_XB	1725377502	New Story
SAVED	nZ8q047lECbiPvKf4jHpu	1725372107	New Story
SAVED	Eim544PwonSYap4dUrv3U	1725371958	New Story (4)
SAVED	d_Mg9bdYngU-33JPmKoty	1725371499	New Story
SAVED	yWzxNj3JE8vKJs4UZtO86	1725371011	New Story (1)
SAVED	F6DTijn6rE2nbiLxV0x8J	1725314305	New Story
SAVED	2HGAcLZH_DegAv_pwWanP	1725222454	New Story (2)
SAVED	5nzE4X5V4t7So97G9OKyl	1725219125	New Story (1)
SAVED	J1n6AVlfO-VnortWWfUrI	1725219035	New Story
SAVED	eRbmu8G-0_e9I9ec1zIkJ	1725212635	New Story (4)
SAVED	BRaDNDr7Rm1iEpQRv6A17	1725212617	New Story (3)
SAVED	SvyYgQzCPA0NyeGsSbkNA	1725211866	New Story (2)
SAVED	PfpP5KQ85r7doGSYJPa2U	1725209555	New Story (1)
SAVED	kg4ocdZwY2c7dAuWz---J	1725206367	New Story
SAVED	yK7LOZDOA1eIwZJFsgFi2	1725138395	New Story
SAVED	bByutDtmZB_3U03H8gWGE	1725125559	New Story
SAVED	GBPjNfjBf5K-Y6I7UFyor	1725087560	New Story
SAVED	oKgsx2UdhuTzm0Pv6-3JY	1725048231	New Story (1)
SAVED	1dDBPgF6D_Qm6rZTWjZ7c	1725041299	New Story
SAVED	_PM25uXn4W27Hszjj7Moq	1725031177	New Story
SAVED	_aqHwQWn-TSx9Oepa1A-B	1724989800	New Story
SAVED	UVryApInSCg3hj0anzGfg	1724988918	New Story
SAVED	FWUmzKoj4Ewdx5CCKofhV	1724983848	New Story
SAVED	Dg_G3l8y5OushQ3IeHSWy	1724952479	New Story
SAVED	G35KPa56PLDiBRvVP3sa2	1724948989	New Story
SAVED	OCHf5pM5pHcN3qjdIzsfz	1724938616	New Story
SAVED	RvUtH9k7mD0gHHfYKGV-s	1724887893	New Story
FAILED-CONTENT	WoThJb9Y8l2UKT9METy0c	1724789697	New Story (14)
SAVED	hXmN66RxgWqi6bBQVOMSG	1724747960	New Story
SAVED	iNEAatbXYcmOhFI5yml7h	1724706170	New Story
SAVED	17hdA8gpzSQi9MZlsLke7	1724701148	New Story
SAVED	Sn5J4GZXudmJwNc3Fes1K	1724700157	New Story (10)
SAVED	bJLqVetLzcxBtptMGoGdl	1724699350	New Story
SAVED	wMvLBlPjDGnmE1-sheP-L	1724692407	New Story (1)
SAVED	v2_10ziyZlaUid4bCsKPi	1724690612	New Story (2)
SAVED	mw_PXS2q4PImfX_1TKVnv	1724676466	New Story (1)
SAVED	ODZN6B5ZK7zEEInAXUvGS	1724673721	New Story
SAVED	5t2OtdwDc41ZLPDP3W0_E	1724673393	New Story
SAVED	E7opTHsQQStI3yN89FGzd	1724669573	New Story (1)
SAVED	J-9WA5NoOkn1kD7AW5HfD	1724669563	New Story
SAVED	v0W5Yg0G8jHz_wsMuf9Rt	1724667914	New Story (1)
SAVED	gRKkQV1uByU0uvJ90TQQk	1724653032	New Story
SAVED	2IUf6H82UhEf4Nzyd4kte	1724652474	New Story
SAVED	5Et8ZS-kyUrhlrlpDb2Mj	1724651699	New Story (3)
SAVED	G2qUh-gn5AOQ2OB4RiA-2	1724647182	New Story (2)
FAILED-META	MW860oMszat8-6nqquENR	1724610771	
SAVED	3tsfLgN0lLiPkJ5awZqoz	1724610184	New Story (8)
SAVED	kPFRZBPVqIuQgHMB-mTxu	1724567916	New Story (7)
SAVED	lZxT0ZJY0f2O-ea4GWke4	1724562382	New Story
SAVED	s1fZMLPL29VnrGZB4dj3c	1724561024	New Story (1)
SAVED	249u_tSXy7XxFgePJ4iEm	1724560256	New Story (6)
SAVED	dL8dVfUT-Sv0ES2zWG3VW	1724546030	New Story (5)
SAVED	BueRxj6lV657e8UU778bC	1724543860	New Story (4)
SAVED	g9QTewSw-fRle50jj4pUs	1724543331	New Story (3)
SAVED	VbpIieMisChcGjHSlrHZL	1724542623	New Story (2)
SAVED	0ttWwDiXCkd5Jj54d_sf3	1724451726	New Story
SAVED	t1XYWrsa9yB5_agObjAxR	1724450807	New Story
SAVED	ZGp7YYCCHWQNJNOdFnGDm	1724447696	New Story
SAVED	-r3fe1aI3GFmthOrMELLT	1724424258	New Story
SAVED	jeXPW5K1x3vVVSFV258w9	1724415720	New Story (1)
SAVED	RjpXl7Hqo9mC--f-uOH35	1724413118	New Story
SAVED	gBOFydFU5J2941usHhl7N	1724392180	New Story
SAVED	qHRCBlE3FXv-YL7EkBbQK	1724386791	New Story (1)
SAVED	DG-a23JpKRvgucpH2LRrM	1724294801	New Story
SAVED	sUcSfT2lrwgmwQMx504OG	1724256716	New Story
SAVED	ci-fmek6_6Gj6aSGrB7bk	1724206894	New Story
SAVED	-2u_YnuPXaGWgX8AyBjx_	1724180729	New Story
SAVED	cI_8K9mNH29QD5MKbNMMt	1724123838	Jestworld (1)
SAVED	7Ii2yeKWYWI5IANOYC0nw	1724081958	Jestworld (2)
SAVED	Vh5J_JOlhRis-blYKH_A5	1724007310	New Story (1)
SAVED	WSzhQh7fUddf7_fROD9Bf	1724001972	New Story
SAVED	LwJlrg3mi_OV0I_tBgSL9	1723951631	New Story
SAVED	O8XgzqRM_vxA711-xnAs6	1723937492	New Story
SAVED	2eGpvYtOcTcIuu8Q-l_dH	1723745804	Pynchon & Tingle: Apocryphal Tales For Beta Males and Below
SAVED	QqnaRGMPsMRYHwmMlfzRQ	1723738093	Fear and Loathing on the Campaign Trail 2024
SAVED	cCz_XLzQ3u-kcs-gYOwgc	1723734912	New Story
SAVED	Dqf_dJ4_tjsM3J2zdLrTA	1723733026	Finally the LLMs are telling the Aristocrats Joke
SAVED	1dfWKvUej7LiI0lyrFt5M	1723624749	New Story
SAVED	krXcNYgPtOPfs4DVX-d_b	1723580045	I Remind The Body Electric (2)
SAVED	8p3NYOh9q2ScEuvdPQbuR	1723513709	New Story
SAVED	JcmKtB-0cCNdNhFx1wT9B	1723426194	New Story
SAVED	xT81d85W0dTELjysRujr-	1723415287	New Story
SAVED	uU9rf2TbOwc6JfE2N9K29	1723300413	New Story
SAVED	RvNsQ4GFdnb-xoPaQHEi5	1723264666	New Story (18)
SAVED	2yjG4FbPIEhyATfW5WyO_	1723246561	Emotional Abuse SImulator v. 7.0 (4)
SAVED	m14_GTgzxPzrUTudtKOcP	1723246548	Emotional Abuse SImulator v. 7.0 (3)
SAVED	CoKi6fXhokWacpnKOYG8f	1723246539	New Story (16)
SAVED	wUpxZLWVPyJNGuPmDakJH	1723245922	New Story (15)
SAVED	eQm-Fkr_ZGaaeaykmh5bu	1723233488	New Story
OK	jWhI_zygXlTlBaAxJS3ux	1723232873	New Story
OK	3s-KN9EV1c6QMixRCLI3q	1723225284	New Story
OK	8O5cBa4-_T5_Tm5nEA2gP	1723223982	New Story
OK	oeVdUputc-obOHiXEcmhB	1723162324	New Story
OK	EmbHU21V39aOpriRHLkwt	1723140522	I Remind The Body Electric (1)
OK	Ow_1-jbqFlmQ6HELZMp-x	1723138527	powered by LLAMA 3.1 - 3 - 403B BASE   Counterfactual interview - JD Vance (3)
OK	-PPPg8GfMhtCJ4ge9ukOf	1723088240	New Story
OK	bsU_tOSwh0MRp5z5CHNjj	1723079021	New Story
OK	J69HHz-Cg92v8e04ofZgC	1723071408	New Story (7)
OK	dmav5aJ-H9sUpLktOq4iF	1723067112	New Story (6)
OK	HqVP2wrQuKQNHaJwYBNZU	1723066842	New Story (5)
OK	1wbXZf3Y0s1nM7TBA7XoO	1723066628	New Story (4)
OK	8h5yEb8kW9hV4RkkDESN1	1723066129	New Story (3)
OK	YozzMHdmNVPVWTnmMQAA8	1723065797	New Story (2)
OK	wSgjJOJigXoFdJPL1sP5h	1723065437	New Story (1)
OK	wY9xeTwp1Qmoevl1wTXNp	1723053143	New Story (1)
OK	b9T9N1dl1wjUeqxzJbqfb	1723044861	New Story
OK	SWqfrv1sGzXbiacjx3HxA	1723039761	New Story
OK	NBYav5Jk0F67t4FEeJRth	1723030362	Finnegains Wake Playground (3)
OK	9ba2RalZU4ElbWU8Gje1p	1723015839	New Story (1)
OK	k8ttxS4BXVJhrMa1wTJ5R	1722992289	New Story (2)
OK	mcfbjDdtruGwoAgIazWUJ	1722894997	New Story
OK	D9jwdtgszov6LVD-k8Kgb	1722876028	New Story
OK	8VCZ16TxjndPIaXLbksrx	1722864003	Counterfactual interview - JD Vance (2)
OK	TLBXpkZiTzHamDKN47Yby	1722861803	Counterfactual interview - JD Vance (1)
OK	8F1JeRSNHJm6q3Wf_bRcZ	1722826963	Counterfactual interview - JD Vance
OK	pICeY0TgtffaeS5jDp9vW	1722814474	New Story
OK	1_O5WPgyasuLYRlLWC-XX	1722811324	New Story (1)
OK	RVn2qPmsX7JjdzBG5eS2w	1722802537	New Story
OK-NOTEXT	1a45h8Y4KEqVdkUVUfLyi	1722800867	New Story
OK	RGDR6M5HS6gEX_vrpvOdV	1722800865	New Story
OK	z0bC8A_BmDmfN1CYewrh6	1722791798	New Story
OK	ns82PI8jwxAn34MHrH-z4	1722711569	New Story
OK	PbK81QJccdJMHQHNsAq6i	1722651937	New Story (11)
OK	mhED1iklBRpxUWfCOKptL	1722650489	New Story (17)
OK	buGExUmPP4oU9LaRluwFN	1722647600	New Story (15)
OK	jEFbaXfW53aH6-EJDs11S	1722646734	New Story (14)
OK	JX7XpsC3G8oUFrX3lfVMB	1722582194	New Story (13)
OK	6CLZk6X4eK61M1QbsXWbC	1722579993	New Story (12)
OK	YlqmLPiEZ4gCUOOD7AWLu	1722480674	New Story (10)
OK	V8ra4TeZHT70uJKCji-gy	1722480205	New Story (9)
OK	rFAcrPqSXrXEHULQbNPpe	1722479255	New Story (8)
OK	4k9DVyDzBcBO1lh5gLcEm	1722479009	New Story (7)
OK	sDu3RtjtrxKFJ_nHwnoIx	1722478570	New Story (6)
OK	TZa63LZ7DtkiAVJt9-6hL	1722478051	New Story (5)
OK	4PSEBsSU6SNR4cRUxnskV	1722477089	New Story (4)
OK	BwUJeBao1Ai5_M98CW3yb	1722476152	New Story (3)
OK	Yyq9I5lRotw7X1vz3fpTA	1722465929	New Story (2)
OK	ThisQOCV8N5W7yRl0fZGz	1722463930	New Story (1)
OK	cYmB-MfO6MF82AMvj-W00	1722454731	New Story
OK	nb9sNeVevKXYiS5euRtPf	1722445928	New Story (1)
OK	lvX6RWyxpQfCviUTDGMwM	1722445870	New Story
OK	HMS3_iMLRal0u8ZXM_kyW	1722293731	The Bugs Bunny Optimization
OK	SZU8JRXuia2EKAIsrx_2-	1722179613	BASE OF BASED (2)
OK	uaEdzxCTtfZ07mjjyoGkj	1722144725	BASE OF BASED (1)
OK	yv7SBC5GAEOBRy0dfC_og	1722143254	BASE OF BASED
OK	2Sfwdk2uQs6MVsy4rowGe	1722028373	New Story (40)
OK	Rl2XHdK-1R79SNDuJtrla	1722019287	New Story (39)
OK	9VCG5yt5ocAslJCjXUVDx	1722018593	New Story (38)
OK	4KWuNJ8IuZf4s-dVd1sIM	1722018054	New Story (37)
OK	zIWCmFtqadsRfaW7dhoWA	1721840972	Counterfactual interview - DJT (14)
OK	38hAH-KdZJEYiB0Xdqfly	1721767540	Counterfactual interview - DJT (13)
OK	dczqRrsTAew4DLAVn2vWT	1721766658	Counterfactual interview - DJT (12)
OK	I92UvvQgC2-ak__1laEvx	1721698862	Mythmaker - Working Copy (66)
OK	4ukWQ6AynyRflcgyRS3i5	1721696353	Mythmaker - Working Copy (65)
OK	RNSCAjBa1GCUQRJavuuz3	1721695570	Mythmaker - Working Copy (64)
OK	Tq38OXq-sUoToreV8KFsy	1721662444	Mythmaker - Working Copy (63)
OK	kYAQkcL36hbOwdSTh3Psl	1721661574	Mythmaker - Working Copy (62)
OK	pu4OiXycLcJ_We2NKgOTE	1721660893	Mythmaker - Working Copy (61)
OK	qiDKmkh1Scbq0394lxohx	1721659937	Mythmaker - Working Copy (60)
OK	wfUHpHVTAS39X8MC_uU97	1721461946	Mythmaker - Working Copy (59)
OK	THD5lpGHfSQL1S9dlEmBC	1721397808	Mythmaker - Working Copy (57)
OK	EbeR86wNJftpBCgJ-Oppz	1721397130	Mythmaker - Working Copy (56)
FAILED-META	Ae8Bp3eByAXGQamuQtCvd	1721386066	
OK	vuh-y-2zPooPOBZTsFtEa	1721338549	New Story (2)
OK	oK05M8pnxAwST9rn8vLS0	1721335769	New Story (1)
OK	xJabUOsD2GLloY8yMqnTB	1721335421	New Story
OK	HVYQbq6D0tC4TS3mtzVls	1721325213	New Story (1)
OK	0GwUmpnSDzgsAT4fnTL_f	1721325005	New Story
OK	lHeTwaQs19M20zzhluRK1	1721252122	Mythmaker - Working Copy (55)
OK	QMEi4xupezRg3YYUDJYWk	1721251235	Mythmaker - Working Copy (54)
OK	hwTiGiPiqkAmKJOhR4X23	1721250519	Mythmaker - Working Copy (53)
OK	a9d_zHWY8isbbAFftRDf_	1721250196	Mythmaker - Working Copy (52)
OK	chgyeczkbcyfYgeOE1wPd	1721249608	Mythmaker - Working Copy (51)
OK	wD4V9GAUsCq0CWu6D7zf1	1721242236	New Story (36)
OK	kP0r1WfHjSS3GH0vscpTs	1721242063	New Story (36)
OK	jyEIXJndWK46U_xovQrxm	1721196854	Sackcloth and Ashes (8)
OK	qX04-oYeC0cvWC1oO2HKe	1721075323	Sackcloth and Ashes (7)
OK	atASneCToPMs7F78leZMo	1721073464	Sackcloth and Ashes (6)
OK	i2-SQy0Plg2E4ZyA18VEJ	1721073001	Sackcloth and Ashes (5)
OK	K-z7IHavJPWP4dGqiW5eb	1721066400	Sackcloth and Ashes (4)
OK	yHyccQc_WKvnkk41BKhMZ	1721062998	Sackcloth and Ashes (3)
OK	t5KNNnbiwHpseRGrQahzp	1721016319	New Story
OK	1GFHYHiIB1-OrQcGUXDSk	1721005388	Counterfactual interview - DJT (11)
OK	AatTvzsJL_xZGFGNFuGSg	1721003278	Counterfactual interview - DJT (10)
OK	oXsWES2MVaqRNJr9iCEVn	1721002582	Counterfactual interview - DJT (9)
OK	K2IyN1Rst46gS4shiZFNr	1720998045	Counterfactual interview - DJT (8)
OK	NtSNQNdbNfkgyBU-H_WgU	1720890983	Counterfactual interview - DJT (7)
OK	PKLCrJQXyvp-ANWrPduM4	1720887934	Counterfactual interview - DJT (6)
OK	wPUf5XQr9mXC6fHa75nZl	1720853586	Counterfactual interview - DJT (5)
OK	kpdsMIsXkEm3O9qVTkLCe	1720827793	Counterfactual interview - DJT (3)
OK	w07ldbZVGvpcklRbAeNRV	1720827176	Claude 2  (1)
OK	GvJR8KiQ4eZ7zJYDBVt1X	1720824407	Counterfactual interview - DJT (4)
OK	9iITxK-fiibBP1Xas2Vkd	1720730600	Claude 2 
OK	-ZzztiolpH52OaMDIapg_	1720728834	Claude 2  (1)
OK	gqTJhlllwyKvktraQDsVA	1720470400	Counterfactual interview - DJT (2)
OK	-txpNmplB9RqEJsSxFX_q	1720462987	Counterfactual interview - DJT (1)
OK	X3bTowkHd3Er2atkmL68o	1720441904	Counterfactual interview - DJT
OK	is7ffm7fiDbrm-a1c_Ay3	1720139255	New Story (35)
OK	PMTRmJqKWkSBDgNfqgpBi	1720138959	New Story (34)
OK	ynzjLRoxj-nVA2_fTBTbk	1720138791	New Story (33)
OK	k_my-qPk4cI6JvPxOht1I	1720137956	New Story (32)
OK	0iH3E_mg6SOdZZdMwXVRR	1720137475	New Story (31)
OK	RiiupYB8rPYTV_pjK4bB0	1720126385	New Story (30)
OK	BAqFKEeiJAmrv-pS7C0F6	1720125488	New Story (29)
OK	SnB4oLoILiZvDxtSSBjxW	1720124915	New Story (28)
OK	mz3FeH9dcZmj5-qa5uRA6	1720124215	New Story (27)
OK	NLlzd0iDHWs8cJDJCrAbR	1719835094	New Story (3)
OK-NOTEXT	2A7DllwFv707Oym1AChcx	1719792673	New Story
OK	5GgyhGCnRRLCR9Ox9Harf	1719731980	New Story (16)
OK	piP1lQN0phzKcYJbi25QK	1719731885	New Story (17)
OK	qJxVhdd1iEE2Kfop14-Rc	1719731208	New Story (15)
OK	jBUeTSbvDNLZtiS5dFnwE	1719690650	New Story (14)
OK	cwa55LXQiekHG80B-tkC7	1719689921	New Story (13)
OK	NYzcZqIwE2dVhIWcntH2Q	1719689596	New Story (12)
OK	tklbiz-tA7MQ6i3DQ-5OE	1719687668	New Story (11)
OK	0KkH7IhHHae01DSUkiCSn	1719686126	New Story (10)
OK	FsTi8AjTJQKZfeDzoCcBq	1719685998	New Story (9)
OK	N55iLGdc3EgjTuWelEEIU	1719685902	New Story (8)
OK	iP519H6vbH8Wvaz__703D	1719685433	New Story (7)
OK	SL8CrTJ1N6zUVE1eAOQgV	1719685253	New Story (6)
OK	sG7Ymjc41H4tcEhlDMgwU	1719684694	New Story (5)
OK	kCwK5rMauwWmPCJr3qQG0	1719617382	New Story (4)
OK	Re0w-eCHZxP-En9uNBc4z	1719534053	New Story (2)
OK	QBQzL5LTahlXBunnnhFAN	1719478800	Counterfectional interview - open AI - (5)
OK	7HUDCYL-tY6DGoOYdD1U2	1719478626	Counterfectional interview - open AI - (4)
OK	xGLMy6LkSkAP2w3pnKJ6u	1719478163	Counterfectional interview - open AI - (3)
OK	d2JFyvXcZRDhRwVQW8SuH	1719477915	Counterfectional interview - open AI - (2)
OK	Rkr98B8xXoCTH8hakqb97	1719477704	Counterfectional interview - open AI - (1)
OK	k0ajlNINPdI8rivwPZ81Q	1719472242	New Story (2)
OK	PU_VxpTtiFAEofdiImIYt	1719472119	New Story (1)
OK	p0WZK7kM3cJzPf_LSEarT	1719439804	New Story
OK	JPXzXF8ITAowqZosi3miW	1719407074	New Story (36)
OK	iocYlepbWH7a8auhYi_ch	1719406876	New Story (35)
OK	V5VV5hPU_coycqiSeW4EQ	1719406829	New Story (34)
OK	Z8xPbaImfn_5sGvlNWI7P	1719406452	New Story (33)
OK	ffTck057bo6ZBQG-RLqAJ	1719406158	New Story (32)
OK	2g5VhbMIchN-2-XAnK6X1	1719405923	New Story (31)
OK	lfZn6LOKcmTbeQ9W1qOO9	1719405631	New Story (30)
OK	u05C7OmT1HQIWg6qqUXoS	1719378542	Mythmaker - Working Copy (50)
OK	cODV5eyOrYvjg72t1TuwC	1719377869	Mythmaker - Working Copy (49)
OK	rV_EnKcF6eX_aTSccd0aJ	1719377028	Mythmaker - Working Copy (48)
OK	E_6nbWie7n-fTJ8jTHLM0	1719376140	Mythmaker - Working Copy (47)
OK	wKPTNVX0EXSg9i-VugEaB	1719375331	Mythmaker - Working Copy (46)
OK	bHCJWnAvu8WAROkfqikjk	1719374582	Mythmaker - Working Copy (45)
OK	_c-Hel31I9fo8N6Bn1CMI	1719347141	New Story (16)
OK	19iTnfL4DWJ3DpTPfrFnM	1719343125	New Story (15)
OK	71XBE6z5zzU-eqe5SvzP7	1719342706	New Story (14)
OK	VOXlrjuTTydgstlLl-DhG	1719341916	New Story (13)
OK	KOR2ROe-jSSmG7KqBkTg3	1719318490	THE COUNTERFACTUAL INTERVIEW - The Machine Learning Industry (14)
OK	zkB9cbJhWGvBTYYfSxM3p	1719281474	New Story (2)
OK	LntNQte2dvEWDQKi7K3xS	1719279646	New Story (1)
OK	6LPT3WmTzl6F0J27u3xFY	1719260986	New Story
OK	0Ab35OXUKXkd4q4xdI9ym	1719158981	THE COUNTERFACTUAL INTERVIEW - The Machine Learning Industry (13)
OK	P5aBDNYAzwOYZnhz5zEYL	1719118980	New Story
OK	bKFFzq02m6V1GPWmH0Mnv	1718966360	New Story (4)
OK	0Qc3y8CxERA3rAI-FxqC8	1718937629	THE COUNTERFACTUAL INTERVIEW - The Machine Learning Industry (12)
OK	h51cDvzM2Jk5HyksV9GO3	1718930629	THE COUNTERFACTUAL INTERVIEW - The Machine Learning Industry (11)
OK	wNWvN3bGwpEDE7qlDOhPu	1718930595	THE COUNTERFACTUAL INTERVIEW - The Machine Learning Industry (10)
OK	nMorYRJTtcpb05gC6fTUw	1718922108	 PRESS CONFERENCE REGARDING THE LEGAL PERSONHOOD OF NATURE
OK	bJ3_zgLdYgel4ejvHkOI1	1718762482	New Story (3)
OK	_0SHsX1UDtfNfdrPUSNyD	1718633161	New Story (3)
OK	uNTdOk_dPq0uVS0J1Nv3-	1718559592	New Story (2)
OK	8xy5HT7Wr4JC-48zVujQ9	1718559256	New Story (1)
OK	MHAFdbUa6e7NK9SMZritN	1718505006	New Story (4)
OK	WIGzVEVZY5kHOGm9x978I	1718467918	New Story
OK	xvtqMWzVxVWACGtJO2Z5F	1718402554	New Story (3)
OK	_A5SDHatxv3m_kUEZd0cN	1718402192	New Story (2)
OK-NOTEXT	8xtAtQPRwVA6LF6zd8ScY	1718400067	New Story
OK	8C9MA-_0sjuQvGClRHz9t	1718309771	New Story (1)
OK	HJLE_o_wWS1uBY25K6n2c	1718306664	New Story
OK	thM6da0Ye41rPoJgFBvJ6	1718251202	New Story
OK	CDCyoXWNaZz29h88tw7kh	1718231222	New Story (12)
OK	BWgC-Y31GULiP1XAprWiY	1718137359	New Story (11)
OK	-cgt6pYZqbUK9BmU7EOvM	1718134502	New Story (10)
OK	USgJ8OFEUJbqwWados3_F	1718134018	New Story (9)
OK	_rNYt9jO6iO2beIuCukd6	1717994075	THE COUNTERFACTUAL INTERVIEW - The Machine Learning Industry (12)
OK	qzDosRa7PstisXKPfPS8I	1717925222	New Story (12)
OK	pPxj14a-7d2cCL-XUwkIU	1717883435	New Story (11)
OK	uD49uivHe-zM_1rLQtX90	1717729059	THE COUNTERFACTUAL INTERVIEW - The Machine Learning Industry (11)
OK	k_RAxmxLYyTcfkVZ5Afj3	1717707591	THE COUNTERFACTUAL INTERVIEW - The Machine Learning Industry (9)
OK	kiO0kcShoOhMYn3zOWILC	1717631942	New Story (35)
OK	NFULC7V9-e9wpwGwFIl6S	1717631736	New Story (34)
OK	Pv6Tkz-gSYD35pxjltxdp	1717631623	New Story (33)
OK	qyC3sT9YiLlVc04sUoQus	1717631295	New Story (32)
OK	qX5na5pf3cB2Roqk2s2SR	1717630336	New Story (10)
OK	ABYZME1pzwBKt5xf5c2Nz	1717628289	New Story (9)
OK	DnUW9pPTiwkC8R0Bqv5TC	1717615131	New Story (8)
OK	S90r9_9wMepfDloFezBoh	1717609967	New Story (26)
OK	iOOj0LxVs4FCVu4aEpWd3	1717602664	New Story (1)
OK	6mW8Sqs10YJxKSm2ypxhz	1717599863	Howl All The Way Down (4)
OK	S6ML43S24jhqZx0y8bqt5	1717599065	Howl All The Way Down (3)
OK	BgVe5uMORI9FmC6Cl1R5N	1717571579	Howl All The Way Down (2)
OK	1ZOF9wv3tp8-4407BFiaa	1717571085	Howl All The Way Down (1)
OK	eNkdvQszziNJsI2Jl3JeW	1717570644	Howl All The Way Down
OK	CE5lr29DHOmPm4wQX0h_z	1717560484	New Story
OK	vJ4VzeOZcRYhXbSBVYEhJ	1717517641	New Story
OK	h9da3E6vvkVdg7-CSE7X_	1717509842	New Story
OK	cZtnDmW8Ps2LmtOyP97--	1717451494	New Story (25)
OK	btwmbS4wPt-7XKuwqu4IO	1717451202	New Story (24)
OK	cWZ4O9-iSqM2XpM9-0_70	1717438615	New Story (23)
OK	y0Pt030X02SiYLxDvBftM	1717374467	New Story
OK	AOKjHmBgPpWts7cI8J454	1717219851	New Story (7)
OK	ovbO5XbBGII4iV7fkanNM	1717218779	New Story (6)
OK	enoawWV8Jg2Jb9Nw4BAU_	1717218170	New Story (5)
OK	vdS_cy4B_1HGRgM995nB7	1717216505	New Story
OK	w6NXQykUwiyZaZwOx1i3s	1717190821	Mythmaker - Working Copy (52)
OK	jhS0RdV5bpE55zJ0yh5GT	1717190613	Mythmaker - Working Copy (51)
OK	-F2WSMs7BMeXYSD3evqNc	1717190484	Mythmaker - Working Copy (50)
OK	kzhqTbsTF5FxB8xTJa2ei	1717189894	Mythmaker - Working Copy (49)
OK	2uHXaFmKOE_1euJJKoVmo	1717189281	Mythmaker - Working Copy (48)
OK	3RTDtKhZKhrgs1_Pvh0Q3	1717188398	Mythmaker - Working Copy (47)
OK	SXtM3zsPMmfYwIwJwHzCq	1717155900	New Story
OK	9cqt6iWtfq5y_7GEa-npX	1717109493	New Story (22)
OK	o-UTs87invTt1TEFHyHoB	1717046141	Mythmaker - Working Copy (47)
OK	1xnm3XN3ptmKVtd4POWSS	1717043507	Mythmaker - Working Copy (46)
OK	ra-xFfpXF-yb66bKn1WTb	1717043168	Mythmaker - Working Copy (45)
OK	thNHu5NIjsoPp4SNHJd3y	1717042709	New Story (1)
OK	VnJyhjU-Kh0adFAWs1pIE	1717024893	New Story
OK	XhuJsyH9wKJDoUfJg1xbe	1717014134	Mythmaker - Working Copy (44)
OK	4dLnXqYN0QWZS5chA-S6T	1717012554	Mythmaker - Working Copy (43)
OK	to-fp3njAfyuwS3ZHHFuN	1717011915	Mythmaker - Working Copy (42)
OK	RsRT4ehlGlJn-4FuDKdDv	1717011321	Mythmaker - Working Copy (41)
OK	qtekkextyFZ32y13jCAcK	1717010744	Mythmaker - Working Copy (40)
OK	IEJHllNSfPbZ1NOyGyWMM	1717009982	Mythmaker - Working Copy (39)
OK	W25ERAvW8TlN-py1j-M3U	1717001612	Mythmaker - Working Copy (38)
OK	h0AQJZv6h8m_VhmAz8ZSB	1717001273	Mythmaker - Working Copy (37)
OK	W0pd3mdTcd40TF5rykXzL	1717000263	Mythmaker - Working Copy (36)
OK	4N8DMe_zTOPLBpZa7BcR_	1716999604	Mythmaker - Working Copy (35)
OK	n3PRKn6B-_2MVMDh9OULn	1716999273	Mythmaker - Working Copy (34)
OK	8qB2dBKe_dzzj1MzU8kSz	1716984239	New Story (2)
OK	lUm9Esri0xeKuEQRw55WL	1716953152	New Story (1)
OK	oguM3dgNmqrFabNC104-H	1716909964	Mythmaker - Working Copy (33)
OK	JHP3-KzRU6WgYdviAW7eX	1716909305	Mythmaker - Working Copy (32)
OK	jtSmkfimklCbxKcDWR158	1716909019	Mythmaker - Working Copy (31)
OK	BlKdFcl7yfwFHuABJgNST	1716907873	Mythmaker - Working Copy (29)
OK	RcZSswn9Ia5Shmt9-V2Xq	1716907182	New Story (1)
OK	rcmxYcV_5T2CtGiTB_3yF	1716907157	Mythmaker - Working Copy (28)
OK	-A-sqY4lLfh61VqPDEyLh	1716905822	New Story
OK	oByFS9-0LmQJdBgshAXpT	1716867709	Mythmaker - Working Copy (27)
OK	CxvGww0rhCeqzFELPOQBD	1716867015	Mythmaker - Working Copy (26)
OK	pjICTPsTyOHrHMbGgUz53	1716866350	Mythmaker - Working Copy (25)
OK	ZVLOQTgp2ikKM1nrgUem6	1716865923	Mythmaker - Working Copy (24)
OK	MObTvvXmRfHx9qFjifG0U	1716865667	Mythmaker - Working Copy (23)
OK	m1WyItw0OPVJLuWy0CoJ3	1716864963	Mythmaker - Working Copy (22)
OK	wc0zBcpbKmET3Ix1kaQxu	1716846602	Emotional Abuse SImulator v. 7.0 (2)
OK	rvxmmSc39tgmwwWsdL36O	1716818855	New Story (10)
OK	Ut90CG-9gWY8eXYywP5dr	1716818636	New Story (9)
OK	-jVJWM45MZSVI0TdwH8CQ	1716779453	New Story (2)
OK	ZtZorkeRGZbNCcFkT8jtX	1716720691	New Story (4)
OK	FcSbiznGNV1CYaYRdCrXa	1716719427	New Story (3)
OK	SSIfF_a377PFH21eJlJJX	1716718568	New Story (2)
OK	wCT3v5jVz_C7KXUb4o-Vg	1716718148	New Story (1)
OK	gZ6m3ZjF90pzYIAtoApYb	1716717532	New Story
OK	2JEOwe7Cu6skHebWZIS1E	1716657057	New Story (1)
OK	XSRKzoPixu_eftjkqS4ea	1716646833	New Story
OK	dfPGb9h3OOJDi5KmP40Aq	1716588587	Emotional Abuse SImulator v. 7.0 (1)
OK	RXGTpjTiPwkFWMXfYMayy	1716581832	Emotional Abuse SImulator v. 7.0
OK-NOTEXT	IM7tB4WVIQk1jtJUx7m_o	1716539932	New Story
OK	ZvqmjbJVwKM5S1nz01Sg1	1716539928	New Story (9)
OK	j5NYwwmo20R_FvHDbdJLb	1716523320	New Story (21)
OK	hjkf9S2b8JC6FyOgHxJ1v	1716493243	New Story (8)
OK	Aqjwi6aX2nmHZg4QxuLd6	1716479984	New Story (7)
OK	sm9BmquEMwj8gnAFEm2lW	1716442375	New Story
OK	uQbwd40ziiJJCyzqUALHF	1716347701	THE COUNTERFACTUAL INTERVIEW - The Machine Learning Industry (8)
OK	iUs5GSy1FhMTRwfELJwys	1716341704	New Story (31)
OK	G8iCU9mzg0sQ07W55U6ga	1716340421	New Story (30)
OK	ufv4jLefpbtXNlIyhYvUc	1716325369	New Story (29)
OK	LvEfRhgzgVnILUdCmj1ct	1716315679	New Story (6)
OK	JKfFqPQy4YImJzXd1EVHT	1716260765	New Story
OK	ktmfjwYQYkucxJR_A14WO	1716258110	THE COUNTERFACTUAL INTERVIEW - The Machine Learning Industry (7)
OK	aw0mueLMuBOhsBul8x87P	1716257692	THE COUNTERFACTUAL INTERVIEW - The Machine Learning Industry (6)
OK	yiQC6me-tzoZQTdS4yQ-3	1716158136	New Story (3)
OK	YGzx8TGmfyCPFQeuCZmEZ	1716156538	New Story (2)
OK	Z1hMjCXML9t5fQ-iDtY76	1716095336	Your Cobralingus Device Finally Arrived from Manchester Courtesy of Jeff Noon (3)
OK	pF34SVMY-L6-JiYT-i0ZB	1716086477	Towards a Novel Train of Thought (1)
OK	mnc5NzeB7UYmkZGyoxS2B	1716074345	Chat with The Green Hegemony
OK	SWXCU5WquRmBRk3Yfwqas	1715985360	New Story (3)
OK	V4lmAOExbnhREMaQtF9-A	1715980777	New Story (5)
OK	89xjL2Lw-aUFFE0YNFdIu	1715962069	New Story
OK	Qs0OIRXNPao0uurwUpOa5	1715903964	New Story (3)
OK	Ge2lBKv-RZD8Hxsp2M2T5	1715901754	New Story (4)
OK	7u_EHcfIzz43q7N4SX_7D	1715900362	New Story (3)
OK	1Ao07NHkoYHb_o9fXRp2j	1715887241	New Story (2)
OK	hQYzrVmvG3w5DWGpg8yJP	1715883913	New Story (20)
OK	leclgidDgW7YE_lxrnc3U	1715883897	New Story (20)
OK	CRsUW2G09BW2rKec7NrDN	1715882847	New Story (19)
OK	uuXl1p70IMNgzLoXEnYUy	1715869997	New Story
OK	3b3sgmgjoyvyio3p0xiud	1715828789	New Story (8)
OK	rW9UxvtjPc3pUr8HwCvJw	1715820427	Putting the Genie Back in the Bottle (3)
OK	VUQVpNLUuqiDx-nKC37eU	1715818081	Roko's Basilisk (2)
OK	pS1fekT-bQNMOwrVXZLl7	1715814705	Roko's Basilisk (1)
OK	LdbEwngPfml1OY1h2Zu6F	1715805663	New Story
OK	HAd5ZjDtVhOTfmVtvT6jQ	1715767487	Roko's Basilisk
OK	hWtMovJ4JxVYzzCiJ3jfZ	1715738555	THE COUNTERFACTUAL INTERVIEW - Absurdly Large Media Object (2)
OK	eDC1iFI1Pvq6UBzv98RJ2	1715733945	THE COUNTERFACTUAL INTERVIEW - Absurdly Large Media Object (1)
OK	rUrst82X-bsAppSMb5T97	1715696950	Sydney Bing Re:Sequences
OK	4EsWKe9JUNyZzKyPCPr5q	1715696852	Sydney Bing Re:Sequences (1)
OK	llipt0Jq_yP_k5wpp8CWo	1715681584	Align This: The Next Generation
OK	PrI66Yy8CBY8tDHEYeLbf	1715609698	New Story (18)
OK	Dqmmv5U6v-KRLqbWqSY-Q	1715607975	New Story (17)
OK	dldH1WmKnDEey-wfihoB4	1715480384	The Full Value of Human Data
OK	vU4hIOTV_cWqWE1BhbnvH	1715238851	forked - Towards a Novel Train of Thought
OK	CdL8VZan1zcr-9e5kEEw7	1715221852	New Story (1)
OK	w9zVhjBx4verTwgglA1Hx	1715149787	New Story
OK	xzMcA4NpaJnyqiR1dFObp	1715133560	New Story (2)
OK	ykAm-ZOqlt6WuFI7JJxzP	1715133329	New Story (1)
OK	4f5GVFk0qHIOYmwWDujS_	1715133145	New Story
OK	2B6MJT08nlLc2scsSRsCx	1715022094	New Story
OK	Sl9abzutvWW_AU1P3EHho	1714963610	New Story (1)
OK	gbCN1LKB7_aaIhBNlReDp	1714897432	New Story
OK	bJTUwzDzKeubT4vypqJ7i	1714870639	New Story
OK	jjCCVYU5juwOmEcp9dU69	1714709176	New Story (14)
OK	S08UzqLR-oeSSqtBkKdyF	1714690377	New Story
OK	OAjfXwYCsD-sxWbkerM9J	1714656540	New Story (13)
OK	ZBl0YRti_q9GBxxfwdbsd	1714623350	New Story (2)
OK	iLKirKkWqL-WHy98S4U3s	1714617824	New Story (1)
OK	QFsSDG2BkfLNHm20AQY54	1714518139	New Story (16)
OK	nJ67jl7b-JMVEyso25pwB	1714517803	New Story (15)
OK	pN1LfoRBJJFucOGp9K62C	1714516555	New Story (14)
OK	Y3VQcBvPHJyC46iK4CyZn	1714446082	New Story (13)
OK	qeQAXhzZxVIYxRbpgjNYs	1714440471	New Story (12)
OK	FiG3r63umqi5gzyEaDxBu	1714440353	New Story (11)
OK-NOTEXT	Qoj5DpFspxVNJfcQu0idO	1714319389	New Story
OK	pNrNIyYNtdfmgcvlmbi5s	1714283238	New Story (11)
OK	0DnnAoX68sbUMr5rlufoZ	1714187772	New Story (10)
OK	fZdRzXMDqNTNkwIGFfRCv	1714178923	New Story (9)
OK	udq3-aHwoICCepZESOrsO	1714174288	New Story (8)
OK	onrbFWOQCUxMV_MCWt_NK	1714173943	New Story (7)
OK	OSkUqTdZNjB49f2sBC0KK	1714173812	New Story (6)
OK	Jwrw2Am8cFXjJKmqyZNXm	1714173406	New Story (5)
OK	yrJjpngmkdZE8ZtxmuaTR	1714172564	New Story (4)
OK	Rh9NfXgMHYN3pi8t5GYB_	1714171867	New Story (3)
OK	-QmkbHvrkaiIYXhq0XgOT	1713987352	New Story (1)
OK	2uvJRntRltbF1si7nUa6R	1713986930	New Story
OK	HrVoiAnDiBVoJWDXLWTB5	1713930911	New Story
OK	Q8F0ALNrxBhb_pVZ_rXIH	1713930708	New Story (1)
OK	jSA6Kn2_0qo6abXHdbmBP	1713927938	New Story
OK	1PjWa8PtQpHPGvVCilz_T	1713816340	New Story (31)
OK	g2SYNe47YAaGcwgec3da7	1713815924	New Story (30)
OK	1k5NE6Gyah2euio_kJP0A	1713814983	New Story (29)
OK	0E9zQwwUcJ127IYXU3vhK	1713808231	New Story (5)
OK	DEP6-ohdFLhSWVSZT39mn	1713720316	New Story (4)
OK-NOTEXT	Rw04Rd-uHfF90mUPsz4Xa	1713646723	New Story
OK	7ZJU4JG_SH5XgJJC49VSQ	1713558653	New Story (2)
OK-NOTEXT	Jr_j7ig7agZJWCnYICgDz	1713556883	New Story
OK	31Va0KmphBbIEsSGQLX9c	1713534909	New Story (1)
OK	1gq0OU1vtZRCnurlf1fL3	1713505364	New Story
OK	QYOC_QOShNwBkqgs3ymyZ	1713500271	New Story (2)
OK	_UrVspcp_TG9gYw048grr	1713498893	New Story (1)
OK	SWqPGHF_9MVOTxl4qCtuu	1713495642	New Story
OK	ucz01D98I5j5B3ueQiIIP	1713376937	New Story
OK	vq-iEDMLASY2O5sSOQ8nq	1713357556	New Story
OK	yXlWNpUifeENTh4HOyxU2	1713357120	Mythmaker - Working Copy (21)
OK	Mke7OwKv-uJ-yaVHFewzi	1713339911	New Story
OK	jh1T2qd-AOjO_sdK8J5dC	1713327023	Mythmaker - Working Copy (20)
OK	Y2kPWS3SlTiqvtQSpIoo7	1713326805	Mythmaker - Working Copy (19)
OK	XNN_MaGDQrfycr908IBgc	1713326614	Mythmaker - Working Copy (18)
OK	O_8-LrvjXLqd898R_75Uy	1713326193	Mythmaker - Working Copy (19)
OK	8GQwfpWR4XcDVP_sHs_wr	1713106867	New Story (3)
OK	n95JI6R3DtX5cqoda1GZR	1713060690	New Story
OK	-ynq6peA8kp6_K7irMlCM	1713057857	New Story (8)
OK	SXk8Eb1Tb8F6jFl58wKIp	1712956902	New Story (7)
OK	UyVv04qxlWxLykG_od3bH	1712956372	New Story (6)
OK	cLcsTwsbAKEMKNOqhpSCk	1712955279	New Story (5)
OK	tqtpNJqvE8FiIPJmDqIz3	1712889931	New Story (5)
OK	ABUaWvMHTTO-FPK2t05yW	1712889035	New Story (4)
OK	HhkfDEaDJl6EGSadvxHPu	1712888639	New Story (3)
OK	qevtzb0PMhaAPbEO9qHy9	1712888389	New Story (2)
OK	N0eEHBngcSwg7HEVNF0cS	1712887690	New Story (1)
OK	vw5yqjsPMeqtHO2Y--YU9	1712813161	New Story (4)
OK	zhIkTdl65o5VyejI-WTbi	1712812376	New Story (3)
OK	hB9HrpyySbfxLnV90K8Cm	1712805506	New Story (2)
OK	tehr_f3zR1oaVA88UQKoi	1712802419	New Story (1)
OK	opWr-UVku6Jm7PughsTZx	1712783782	New Story
OK	K9auzJGgSf1Qh9mH2k2w1	1712615145	New Story
OK	-DybUTttndM_JTzyZcpOe	1712552667	New Story (28)
OK	Ihi9fRWII5VtfA0hxzDMf	1712522444	Pynchon and Tingle Fight the Global Epistemic War With PSYOPS AI (5)
OK	qnDhus4Hd6jiSOhBxuFmg	1712521899	Pynchon and Tingle Fight the Global Epistemic War With PSYOPS AI (4)
OK	bbi0fB0lCKvRZdDD8hTyX	1712517809	New Story
OK	ADkRVOqvS7ZnBuFWu5ork	1712494928	Pynchon and Tingle Fight the Global Epistemic War With PSYOPS AI (3)
OK	Gw-XFaosZEc_U6EVX4JNc	1712493334	Pynchon and Tingle Fight the Global Epistemic War With PSYOPS AI (2)
OK	f6zt0HEIG0PBRwLRnWG5V	1712492315	New Story
OK	j9X7Obq48zZaVRSNw5WjJ	1712491912	Pynchon and Tingle Fight the Global Epistemic War With PSYOPS AI (1)
OK	tnHwr5w_0qDvFxUiBc9X2	1712188676	New Story
OK	Bjye1eknLd2E5uUoCF4rW	1712025013	Grug Gets Ma Shin Learnt (3)
OK	-Xfgo2pZyo1_8Y8EmFwgT	1711925170	Grug Gets Ma Shin Learnt (2)
OK	cVFn4ZIFPcdD6DVeS-94E	1711863684	New Story (7)
OK	6UtkjEpO-XHe3yXrDana8	1711721232	New Story (6)
OK	NOZu1m98rHUN31ljQoeLh	1711721172	New Story (8)
OK	BLDnOxQmkHSFMRvya4uAW	1711650317	New Story (5)
OK	MgeFZ-BJ1grk01XDMtAA9	1711649419	New Story (4)
OK	IZ8Awb9A3jw2BWhyBV1f7	1711597878	New Story (3)
OK	PVqlcHvFWd2DkTGBVHUsY	1711596274	New Story (2)
OK	QIx8rm9rEWqWOwpxMa1Uw	1711595452	New Story (1)
OK	T6wEwIYfAmPeC-Ji6rXpE	1711229169	New Story
OK	5lbJQaCq84Uz8j7Xj3n19	1711157345	New Story (5)
OK	SIJ6W7uqVyzqrCy9B2oWw	1711156970	New Story (4)
OK	SvcjxTMaD1l6dyggJhCpG	1711156604	New Story (3)
OK	lQ6v8JfAruTk2Ew6eIcN0	1711156417	New Story (2)
OK	R2siUdOmoy59nsP_XqhX0	1711155983	New Story (1)
OK	YX8N633ISrwZav7tojiF9	1711155706	New Story
OK	inw0eqU5G0BBSXsden1G6	1711144789	New Story
OK	Bw3-UoYL2EkgQo1mWdcc0	1711143013	New Story
OK	cjnnoQFUlmZCG3CXPnAbh	1710896581	New Story (17)
OK	xQJ6PODb-FP5W1U4MlXby	1710895290	New Story (16)
OK	lfclQ_nMwqK4qTctYXYFN	1710874464	New Story (15)
OK	B99juAVUB7eVczD48KBKf	1710820393	New Story (1)
OK	qYWoNpNIWK-i9rIupkLO7	1710801167	New Story
OK	R2T7lDnZyzg55F84NqdKX	1710788352	Hearing Voices and Seeing Visions
OK	IHNDzIidXYJ_g31eXqH0z	1710698544	New Story (1)
OK	a2k4YLXe_Esonc0xfxPZW	1710639335	New Story
OK	D5Z4MmuGyQf3aw4TZjNIZ	1710541365	New Story (6)
OK	C2ViF0bwyU4ZXq39_T3vv	1710457079	New Story (5)
OK	fSLSGgDmZ2ctB__SCoKuo	1710254118	New Story
OK	4ubbhei5iBbzv5uPK-pHs	1710175057	New Story (1)
OK	hvh6Nhm8ywpBFF7ZORh1q	1710116587	New Story (1)
OK	gUZCHO3hfR55je8VRn9of	1709941689	New Story
OK-NOTEXT	kZ8Icbo7AcjEmgoy_c2lO	1709868479	New Story
OK	RrM44cPiiYjSseGsUOaXM	1709828261	New Story (7)
OK	xCk4c-dR43QPzx_8KsXQV	1709730939	Mythmaker - Working Copy (17)
OK	xWU2SDgCzayrmOuxr4k7m	1709730306	Mythmaker - Working Copy (16)
OK	xNuyMuTwZ7KfXIXvnMaYT	1709729623	Mythmaker - Working Copy (15)
OK	iC5Y3Oa794Z5hM3AxK9ZH	1709729278	Mythmaker - Working Copy (14)
OK	5Q-yVlxryE1BxPESS-krZ	1709728521	Mythmaker - Working Copy (13)
OK	ZnWEE3JB8Bt2Ld2xQMcyz	1709727900	Mythmaker - Working Copy (12)
OK	GNQm5QpylBTLP8QbMvaYp	1709727497	Mythmaker - Working Copy (11)
OK	3tpf_BEov1vVhaJx213OZ	1709727023	Mythmaker - Working Copy (10)
OK	bxGR1uC-kiDXD85sWoxSJ	1709725412	Mythmaker - Working Copy
OK	S5fIj-7-RsohhzvIbm7kM	1709725389	Mythmaker - Working Copy (4)
OK	O0oRrYbOoYPithKpUxwRC	1709662610	Mythmaker - Working Copy (9)
OK	c6Klj-nBnim8PIjw7zZHv	1709661968	Mythmaker - Working Copy (8)
OK	XG46aSKFrdODbrY2ylZXa	1709661583	Mythmaker - Working Copy (7)
OK	W859rHj9Ye7lih11i3xl4	1709661077	Mythmaker - Working Copy (6)
OK	UgUnZ_GzALX_kAtdqFkbO	1709656774	Mythmaker - Working Copy (5)
OK	7lTys2ItcgIh42KglC66R	1709656279	Mythmaker - Working Copy (3)
OK	SmKI9fH7HjnobyQIj1HcI	1709655946	Mythmaker - Working Copy (2)
OK	w6CV7F87-v0zcWjpIcPb0	1709655599	Mythmaker - Working Copy (1)
OK	A9eeuqObEkS-ZdwanL-8r	1709654176	New Story (17)
OK	qSOPufzM4qZkIy62wBLhD	1709652025	New Story (16)
OK	vzmfNpFNaFd4lDHJ14vKt	1709612358	New Story (15)
OK	xmaeIVmlcDBYJ0ZB-Q3Eo	1709612088	New Story (14)
OK	WP2WVxtHZQ0T-y62hgPSr	1709611828	New Story (13)
OK	1MQIkakwniRu4N54EqR_B	1709611338	New Story (12)
OK	vtElU-G3zpCnJW4FJci9L	1709611223	New Story (11)
OK	aCdL-aevreUHvPWg-hwIm	1709610961	New Story (10)
OK	4wM2WPS9TKgHI_bXWNocs	1709605576	New Story (9)
OK	Am4krqdc6LvMTJpaf0Whb	1709605382	New Story (8)
OK	hdXQR9wTy9NfnhBOrIMHR	1709605228	New Story (7)
OK	B1Sng0PMwHLorWWktVPO_	1709604703	New Story (6)
OK	IK1rfmdMEF68pVW1hYMuF	1709604505	New Story (5)
OK	oM9kj37oEYyuj4EAbGUXC	1709604257	New Story (4)
OK	mu8iWBLtgbkf5mRP3Q8CV	1709603978	New Story (3)
OK	FrRH5FiQ9aMBzTNmWmEeC	1709603898	New Story (2)
OK	j2PlCAGd-ff3gRgQ0mlmC	1709602924	New Story (1)
OK	-Ylbdq2cuaafgOvTAUqRW	1709602747	New Story
OK	z6o-mRNOwVP7TCQfdD6Ib	1709596172	New Story (28)
OK	a4pAu96gOrxplrqeGi-KW	1709596002	New Story (27)
OK	Wv-OkfCy7tWPcGXxBIBhz	1709595836	New Story (26)
OK	wyYSxSRElPUKAJ8R_7mUK	1709595567	New Story (25)
OK	1cowZrDQA75C-Ux5WLDCA	1709594732	New Story (24)
OK	09g33vMY27KVRCTLTDrhT	1709592063	New Story
OK	hju31naY7jvH5JSpRETq0	1709591667	New Story (14)
OK	CWwjIP3aOSIYm3r26sB8j	1709581193	New Story (13)
OK	mIiMo5cB3JrE900pk7_iI	1709580465	New Story (12)
OK	ggaO0NOv_6VyPuJmvBgQ1	1709580190	New Story (23)
OK	GeP2M7jOfprgmXQV91ZxZ	1709578067	New Story (22)
OK	iI9vuY8rJaAep1LBz4NFX	1709577150	THE COUNTERFACTUAL INTERVIEW - Absurdly Large Media Object
OK	HV75BLLcCTcLmmG1i2vWl	1709474479	Grug Gets Ma Shin Learnt (1)
OK	d-bu0H7tWVct4JuPw_OhC	1709466420	Grug Gets Ma Shin Learnt
OK	-Yk_E7tr2VMVLqDQv19cM	1709464199	Grug Gets Ma Shin Learnt (2)
OK	i7fz5Fl9nyoXw51p-AJeS	1709259405	New Story
OK	ShAHKQB__lX_da-g2RfLI	1709172258	New Story
OK	Te3Gl8JX4pR8Qxd_R2mDt	1709154633	New Story (4)
OK	Mj8zNuKLSryvsx_7C4PgG	1709139455	New Story
OK	ESlTr-rjW0iJM0Yz3e9-u	1709134503	New Story (3)
OK-NOTEXT	rVnfgJOZTBhgzvu8PS3g0	1709134146	New Story
OK	RXNHHmqLb3EOKqR-DaWdh	1709134124	New Story (2)
OK	EU014kftYfhuu_7-RYJit	1709133157	New Story (1)
OK	3wfdJaxQJH0ml9gjvtrPW	1709095337	New Story
OK	5XwZgC6I44xZVunJe1OQR	1709090972	New Story
OK	8u_N8LFQOogIGkPhICJ87	1708980710	New Story (2)
OK	4K2Dcz35crMXaWNrNXZiQ	1708980594	New Story (1)
OK	6vJ9712C3NjqyQuVQ0q5w	1708980485	New Story
OK	t9NigRAK3KkJ0nXkM8ocD	1708909300	New Story (2)
OK	x6L-Cm_aZ4dcMMGv_UyN9	1708907201	New Story (1)
OK	6sQiBFtksET2onQn9p7jP	1708889501	New Story (21)
OK	WrhqFINCH6fdXedW4olxa	1708887579	New Story (20)
OK	yGE3JO_sTfhiU6CZIfYLA	1708886409	New Story (19)
OK	4BlhjZB840SKmvjJSnA6u	1708886103	New Story (18)
OK	Q1AXbvI_1SwHHH8Ty3uNn	1708885530	New Story (17)
OK	_sPNzkgh297jS0e6grj39	1708885081	New Story (16)
OK	P_qEhmrmVLrLQV0njeAWE	1708884831	New Story (1)
OK	umHvUsp-qVlO27vKTDlMC	1708882874	New Story
OK	TDBykjGFdZudemh3AJ2DL	1708743737	New Story
OK	1bPFpUVajr3Hy93EoYdkh	1708732926	THE COUNTERFACTUAL INTERVIEW (24)
OK	TXtmM1dJNBMYyHN7jL9PG	1708714452	New Story
OK	SabNcrlBde2usR0etebpb	1708658859	THE COUNTERFACTUAL INTERVIEW (23)
OK	U76GN_MDgZn2xjJzRwsyD	1708636244	New Story
OK	qA2KTVs8I8qVujIpK_Ar6	1708624238	New Story
OK	XBthosZ_txSGwCQzs1cXx	1708620098	New Story
OK	s6UW579yhwnq4TCqitZZp	1708616181	THE COUNTERFACTUAL INTERVIEW (22)
OK	jzlVv2fl0VW8nAMD7e86q	1708482991	New Story (1)
OK	3F2b-fXSE38sIir6cP1QS	1708471686	New Story
OK	BFND5HQQJhP7c-uTsZoat	1708435925	New Story (2)
OK	OYxllaoE5T8wZwG4IVBH9	1708378705	THE COUNTERFACTUAL INTERVIEW (21)
OK	5rAsp5ijBTrEtd-4FW80O	1708377044	THE COUNTERFACTUAL INTERVIEW (20)
OK	SBsyERhRBjk0uX3Hp5Kt-	1708369366	New Story
OK	aInilisUcXOPGuvtPqFoR	1708362055	THE COUNTERFACTUAL INTERVIEW (19)
OK	rvgcCzG3ZTvktZtuCLOOt	1708359358	THE COUNTERFACTUAL INTERVIEW (18)
OK	7rFm_k-KYF1j0knzkkDQb	1708357042	THE COUNTERFACTUAL INTERVIEW (17)
OK	lpzgfAsISb6__tqeyGTPZ	1708356479	THE COUNTERFACTUAL INTERVIEW (16)
OK	lpIaCbwtmxx5_dBtuYIei	1708355962	THE COUNTERFACTUAL INTERVIEW (15)
OK	PEwd2GTRjAgvFOQcWChts	1708310668	New Story
OK	n5YGNiRg-A31_V09jQzVI	1708267057	New Story (11)
OK	M0a9SORIbnMOb9WswpxU6	1708230663	New Story (15)
OK	JcxYO8qqJl_wT1X5UaP7f	1708229320	New Story (14)
OK	7SAV7WW4UGwKoeeeDbJ-r	1708228281	New Story (13)
OK	gi6UJeFTXoanvJLIEmYNu	1708199030	New Story
OK	aZ24X2t-gBePadYkcwLiU	1708142707	THE COUNTERFACTUAL INTERVIEW (14)
OK-NOTEXT	vn3IiKwTrpQxmT9y28xs-	1708141225	New Story
OK	zycIfPZtVFbzwBnPy4oIu	1708131426	New Story
OK	BBpBp-92meVqFSVaD-Tgw	1708051573	New Story
OK	0BDbHT1X-vqsyXx8TYI1J	1708027604	New Story
OK-NOTEXT	xk7rP5ugMFR28W_HQ0Ckf	1707959386	New Story
OK	DzPAp8eFk5X_WhTNmyfoi	1707887336	New Story (29)
OK	F9FQUoHtw5YlcwuNA3v9f	1707884623	New Story (28)
OK	tFW9HTBg-v6jaLQEVyTL0	1707873556	New Story
OK	tl1G2t_JOZX0-T142Sqw4	1707634860	New Story (1)
OK	0CKxlGrEVm_armYMluWKP	1707634718	New Story
OK	iq-TuKtV2CYCEbMytldEE	1707622863	New Story (1)
OK	dvCR2PWz83U2DzJ5yrvE2	1707496518	Schizoanalysis with Deleuze and Guattari (1)
OK	Fdge6k5Oc5ydXVk8s1RHF	1707334578	New Story (13)
OK	02lyWm6VoUGYBdpXWLP4C	1707316948	New Story (12)
OK	XZ4kG5_SXf8q0of6_u5mo	1707315398	New Story (11)
OK	e1o-aNpFTGwPRsTaraokW	1707112249	New Story
OK	KY5HrT1Mqm_a57t3pLva4	1707078475	New Story (1)
OK	z412Ev-66CcS60WTgOIL_	1707001422	New Story (16)
OK	9nyzDDE4rVYPH5r4T-hlT	1706985992	New Story (15)
OK	whAlV4_jXh4u79P3qte9y	1706985267	New Story (14)
OK	s_f-xnSpDC0V0uBa4E9G6	1706984470	New Story (13)
OK	v6dA-Gd28Pb-OGQ4EmDbA	1706984152	New Story (12)
OK	hiW8x0VhccrNPYszkJAKf	1706836785	New Story (1)
OK	SVg5h6l5nMuWVhYJtrvJ4	1706640076	New Story
OK	Xp0PyZ4-KbIZgsmLXYlD-	1706632135	New Story
OK	ieJJ8rKFEHJsz7aFNaOfK	1706543481	New Story (2)
OK	xRIx3Qn8wf5CfX9xt2vVw	1706541818	New Story (1)
OK	2BIIkGyrUQYxvNrfKBL6t	1706486853	The 1001 Humans That Kicked Our Night-Night Down The Road
OK	W7aXfr2GU56JS9XWEkR6H	1706412914	Putting the Genie Back in the Bottle (2)
OK	vqgHzwrzsGW66Phce7LHm	1706411678	Putting the Genie Back in the Bottle (1)
OK	BuYwt1FYD_BiJAX93kKUW	1706410024	Putting the Genie Back in the Bottle
OK	MgN7OxFoYUWOZKiGZQkM3	1706403465	New Story (11)
OK	tWepp2YHtpZuRKyKN0wAo	1706402339	New Story (10)
OK	IyaEppDiwYHVVz8oesSMC	1706376544	New Story
OK	svjZ00IEhbolf2T46POVF	1706368754	New Story (9)
OK	lrZxN17SyODzlXcsx68Cq	1706337240	New Story
OK	nfPWvLfURtcQVdA8HB9Jw	1706305416	New Story
OK	2KqFeULq7PLazF63DVpz_	1706210353	New Story
OK	8Ay4cd2bD1pSs1MGWsaRB	1706197776	New Story
OK	w3S34keLDlmzeQZOtG8Gt	1706161165	New Story
OK	4s1oMp5fzwzGQoYaor9bd	1706160126	New Story (12)
OK	Ti-_tIvy10KZVSuo-7opC	1706153457	New Story (11)
OK	91iABiA1ZzNrNwfKm6ZZd	1706126403	New Story (11)
OK	SYCQq0NUB5O-cLCowJyjj	1706041963	THE COUNTERFACTUAL INTERVIEW (13)
OK	_uipeVnWn-GIKkJFiXu3B	1706041340	THE COUNTERFACTUAL INTERVIEW (12)
OK	KM9OWsr0Npk6WF1nucJGE	1705884414	New Story (10)
OK	jouDu0KpsOYv0otls0eZi	1705883797	New Story (9)
OK	S4lpo0qg1GlZUoBvR0SU4	1705882858	New Story (8)
OK	PoNQ1KY02ySQZ2povfXEW	1705881306	New Story (7)
OK	JkOIJZi_1mRRVD198uwxY	1705872224	Delerium's Wellness And Traffic Report
OK	a6jh2T541PIdS0H0gHnDz	1705871736	New Story (10)
OK	K7nQ2mbITvi8mPU80X3hZ	1705871562	New Story (10)
OK	XGVNHDyqGT6D6AHmhAaYx	1705870183	New Story (9)
OK	-O2cS2i5PFYulXhtipQRx	1705792079	New Story (1)
OK	Vxzw-1a8dKYGV4fnVIoho	1705776143	New Story
OK	mBKrpsK0Pg0CuDXFnRoo2	1705626392	New Story (30)
OK	FTZhfDnWDVM1fD2j-opx0	1705623282	New Story (29)
OK	9fH2qTA_X0xLwmJkvWWOP	1705553564	New Story (28)
OK	bL799TwEOkFjv_zD8tLGw	1705535599	New Story (27)
OK	vNCFCxuq3ARz79tpstRxt	1705532869	New Story (26)
OK	bG3PCTIGGn039cWnlk_kA	1705494771	New Story (26)
OK	VPAj6LoxNBj-hvo51gxGW	1705378061	GROK FOR FOLKS ON A BUDGET (3)
OK	9a9yMmbwv0vB9zNp1_fOw	1705368262	New Story (24)
OK	a-eIUBAx0pk7oGE5dOMJu	1705346977	New Story (23)
OK	ZxmBm30hcF3WLm-zGMUc3	1705293990	New Story (22)
OK	TN04V0KYFbODSt732ZS1k	1705274333	New Story (6)
OK	s6PRiMLviIMeqe1KVBdLx	1705269697	New Story (21)
OK	jEbMhDk17p1pIvxO8F2eH	1705267629	New Story (20)
OK	w8GU7PFhJB8-Gb0BTLDHB	1705247256	New Story (21)
OK	3riPZbTP7Ikwl6OFmlZTx	1705194826	New Story (2)
OK	ZxNTEe5--hjNBcQHmnO2B	1705189509	New Story (1)
OK	RtT9czWRNBWU10ts9JwMI	1705187725	New Story
OK	x-07Yx1B57j9odJy56eMF	1705177064	New Story (9)
OK	rMQ4e-WBip3D7PGGSFfAj	1705114815	New Story (8)
OK	tyi1Pun6CscC4pwZ4USvw	1705112920	New Story (9)
OK	PPutjRA6pF7RXTTD2MUX0	1705025776	New Story (1)
OK	-TN34T6RkDG8apXnmUZQN	1704990019	New Story
OK	2ZEzlW3VanfhsIgEwysoR	1704808637	New Story (10)
OK	4vIwb-8WcjrmgzvQ43BvL	1704765353	New Story (7)
OK	S35XNIOO_bivaD_sI_L4C	1704764547	New Story (6)
OK	lXHbQVidEYW2ga7HKlp4H	1704761834	New Story (5)
OK	lKnCTvl9XvzNRmEIrOVlX	1704761717	New Story (6)
OK	rgxt6Fvu6moJiLaL_4D06	1704741568	New Story (2)
OK	SHjgsJQaZBRjnA_NjShYz	1704676835	New Story (19)
OK	4aYf-zNpmI7Msi05eq1Bf	1704501563	New Story (4)
OK	ctor-g7imWosEa9Wzj4ax	1704501267	New Story (3)
OK	McnrCt67XpztAIKy8Us_8	1704480896	New Story (2)
OK	ASa7K5l_r5Wq3GWhD8Fmy	1704476375	New Story (1)
OK	lX6PO-6zMGejjApwGfEGO	1704475716	New Story
OK	CAWzznGxD_e5yl9oRWKAY	1704406701	New Story (4)
OK	otPtd-YFrWrjCMEg7BL4q	1704406365	New Story (5)
OK	nKnQ382z7Z-L7z1rTkK7X	1704406213	New Story (3)
OK	a4s0vRc6Tf0YNLWr3ucAM	1704406142	New Story (2)
OK	x1MbNBctJ0qlzYrUQtreh	1704235167	New Story (1)
OK	6EbPyywIO709NgrJFcLYK	1704216120	New Story
OK	J0EHo0O7N39FRC3A8i4yO	1704171120	New Story (1)
OK	bIc8ZoFO0uufw3EJWHgdd	1704169912	New Story (4)
OK	pCtvpBi8DU4yjjaratzyn	1704168854	New Story (3)
OK-NOTEXT	KXfM2uy5-Z1dwevSYwGeR	1704168850	New Story
OK	BMoe65DarRoejeglzbn7w	1704140679	New Story (1)
OK	VVLcxrks0mNdcBsjAWcGB	1704137396	New Story
OK	vweq6veVgNRYN2GRmgOMH	1704136268	Align This! (2)
OK	Kdosxn7UJtdPkVR0iGWWV	1704049569	New Story (19)
OK-NOTEXT	KlEBmfS-SPxruU_W-x1gg	1704048025	New Story
OK	dUGPIdVcsf9ee7tJUlXOB	1704042935	New Story (18)
OK	ypHJ2m8do3wo-Ve9N8avt	1704041117	New Story (17)
OK	iJfXTu9g7Pex2YGoW7J0-	1704038315	New Story (15)
OK	l6RWvkBySYJBceXWsLUQy	1704038135	New Story (14)
OK	dQhG6_9V_bqKO1LBcXtH4	1704037754	New Story (13)
OK	RO3NXhW5N7-BX2gMuKHLA	1704037306	New Story (12)
OK	-PJjYemlddK4RKAhmdW8Q	1703980658	New Story (11)
OK	83vT_hCh_SjzyN7RKjbRI	1703980399	New Story (10)
OK	ndf20MKpO_91VEJ4p2tT3	1703980181	New Story (9)
OK	4qKN2bjCnd9hVDjKhCL_e	1703979249	New Story (8)
OK	z2t1L07RRC8BOgQ0LZu_O	1703958343	New Story (7)
OK	mjjJ9QKz0dTYoQ7FVzkrp	1703873461	New Story (6)
OK	5PW-9GP1OTkRqUHtjE44Q	1703744454	New Story (5)
OK	ZOdOGQVzlVF9wW14BSzrh	1703743551	New Story (4)
OK	C8sqSHwHIZyvG5lUf9_Av	1703722300	New Story (2)
OK	QHM6eGbnS9oeXCSsA9Adz	1703721773	New Story
OK	P8TvoBnyuqj6cb0-_eyYr	1703652628	New Story (8)
OK	yt-776AT_gBto1YttpNKO	1703649293	New Story (7)
OK	x-Rg0BF5FpXhLXaewrykU	1703648655	New Story (7)
OK	RphwzX1NseF6efHzYCl4t	1703641016	New Story
OK	JRaB_grL1xiReVN_ikjt3	1703622636	New Story (3)
OK	Tp96vaYORmmpDPthghNcr	1703621200	New Story (2)
OK	-KWX_yShjwlh91QGWoLpP	1703620826	New Story (1)
OK	nVTskp3LkuAFt0Z5g5Icv	1703620673	New Story
OK-NOTEXT	37uFDgCpVHIaPMjgiUt3p	1703602282	New Story
OK-NOTEXT	a5_R2R-UeS4zAKEEUhjyT	1703602268	New Story
OK	5i7zXDdrKCsvUF83ekuV3	1703562461	New Story (3)
OK	MgfjRd9QLGLGmmx109_fl	1703557260	New Story (2)
OK	8vWtITGW8oFm473k2HKYv	1703557230	New Story (1)
OK	M7nUX5aREtXkOxHEWNg0X	1703556552	New Story
OK-NOTEXT	jhDBBk_4iqwv45Cv9vrtt	1703555603	New Story
OK	q5GvOqYG2kgm3RLF5Dyv2	1703552221	New Story (6)
OK	5D6jCb56DIfvueJUgpCXf	1703551788	New Story (5)
OK	pyR3zzwwXwKD5Joktxgm3	1703551578	New Story (4)
OK	4iTyqDBT40MlBN2pf4Bbm	1703551233	New Story (3)
OK	vBAu1N5YaxDx2eFt8U5Bw	1703550546	New Story (2)
OK	dWgig0rvIxu55mQUqt0Xl	1703550335	New Story (1)
OK	S5GnWUB8wf_IkL9bkasbZ	1703548064	New Story
OK	Mn0gIdb_JXo_LMdVUGHnZ	1703539561	New Story (7)
OK	81cYaLtzQu8XRuSBkh_oy	1703530678	New Story
OK	9T_gw3wiDAjWr56eJXcP-	1703477534	New Story (6)
OK	24OGANVVmzM3xc8o1nnQ1	1703477399	New Story (5)
OK	ThQ52crcu5eOMzDpwFkWO	1703477307	New Story (4)
OK	LnDSMTmoJ7ygChLzIRNJ7	1703476985	New Story (3)
OK	zaVMzBWpMlUx9oy0DUiiH	1703475785	New Story (2)
OK	9g7Zhm85lOzBqG7u_70XH	1703471743	New Story (1)
OK	w48LHoIWrx2qjIZeDuV0P	1703469412	New Story (6)
OK	gzd5tnQ_h9K5pY_BUsMBG	1703458736	New Story (5)
OK	4PyhXab1FN1CaoOtOytcQ	1703457589	New Story (4)
OK	EDo-Vl4xqCeSebUsSHSVs	1703445846	New Story
OK	QRc-0V5TrV6zt1uAK35lN	1703442922	THE COUNTERFACTUAL INTERVIEW (11)
OK	1i8ocKDaayEqD0wyCdgMY	1703388624	New Story (3)
OK	-cvrQSOTdza6CKOJTRtmd	1703386206	New Story (1)
OK	0_ePbRjkqKbpItDw_pIeS	1703296783	New Story (2)
OK	nbW9tDsa3G_0VfelCMp2c	1703295990	New Story (1)
OK	6wj_dHbNPmC9zf1F1LfAa	1703113381	New Story (2)
OK	uX83dq9XMStwLYnjh8eUB	1703079378	New Story
OK	5gh7NIpNkY73AkMxHMqkI	1703010814	New Story
OK-NOTEXT	DU3wUPtHFuE-DTdI3YsG0	1703009243	New Story
OK	gqOILBn0NLraqyVByRB7R	1702975008	New Story
OK	1oanRnujTxLNstsM7jy4i	1702936587	New Story
OK	XRqhX5QQVOWx7FJ37XsDC	1702806883	New Story
OK	ZMBsV5LeEYQ8sKVFj2VIH	1702770489	New Story (1)
OK	WsXhumJXaqTdOo7DctUe8	1702671841	New Story
OK	ZIsJwRbw3Dogt5haBzwXK	1702586221	New Story
OK	vC0F_HF0vp6y1HMUefAYR	1702439034	New Story (20)
OK	7LPTQqE8dqUaMhE9rOtNo	1702342530	THE COUNTERFACTUAL INTERVIEW (10)
OK	EGBCMm4c79cX0Ee5308Ep	1702257947	THE COUNTERFACTUAL INTERVIEW (9)
OK	DpOf5X6JPsxzfFVOi6bM1	1702256608	THE COUNTERFACTUAL INTERVIEW (8)
OK	QjZCa2vLw9Z8X1Q2JdnjA	1702236455	New Story (12)
OK	yhRN7C8-rEx79RlgQa8hL	1702235555	New Story (11)
OK	68678ZexCwojS-McfXeuW	1702235308	New Story (10)
OK	9wQsm6hrnRWsvPkpD6Ln_	1702235094	New Story (9)
OK	Yxv5bt524okCq7_gzgohp	1702234762	New Story (8)
OK	SpmYyf7T_OOD82NaJhH-x	1702234346	New Story (7)
OK	HdpdaWrJAmYVuZJ2erW3X	1702233520	New Story (6)
OK	35BJPwQFfPR2lGt58BCuy	1702232762	New Story (5)
OK	5-I5MwWbY0NhQv4_YLBz7	1702173460	New Story
OK	cbX8Git4zsvq1HsjVqMDz	1702071890	New Story (1)
OK	W_fzcCXYyRoqp_2b4lmH3	1702069504	New Story
OK	5Nb314uT0Tbx2Fg62wZ55	1702068856	GROK FOR FOLKS ON A BUDGET (2)
OK	s4PVz1bnh7eKBKLUd8fl1	1702058183	New Story
OK	-U2UIhPWf5BWowE2dLWJ4	1702022592	GROK FOR FOLKS ON A BUDGET (8)
OK	5RIm5gY5ywBhEbczpRHhF	1701998918	GROK FOR FOLKS ON A BUDGET (7)
OK	r18qxTt5s18I9kOxRAV1B	1701998100	GROK FOR FOLKS ON A BUDGET (6)
OK	aAJsT8XBo61UwTiqde_1w	1701997799	GROK FOR FOLKS ON A BUDGET (5)
OK	4y6sNPqZu78qzubq9D3yP	1701997649	GROK FOR FOLKS ON A BUDGET (4)
OK	_h8C4RvfbeBdgH2r0-lnL	1701997376	GROK FOR FOLKS ON A BUDGET (3)
OK	nAyGlgwRSAnrwtRZxgk6t	1701987227	INHABITATION (2)
OK	Bnq0gk_ADcgaiZ5ofE3J1	1701986529	INHABITATION (1)
OK	YPOX9jupue5kLz_w1PLhh	1701985911	INHABITATION
OK	c8zz1yWOq4dNngd_SYZnE	1701976168	THE COUNTERFACTUAL INTERVIEW (7)
OK	x727fRQZfqpq4NUhrbezh	1701834477	THE COUNTERFACTUAL INTERVIEW (7)
OK	4zdFpRA9v7OSuOX-NNzIe	1701817215	THE COUNTERFACTUAL INTERVIEW (8)
OK	Y1QTlEbJJ5SCudWLJ_t7M	1701792467	THE COUNTERFACTUAL INTERVIEW (6)
OK	K31CcnbUr_9MNqNFqfHKx	1701653546	New Story (6)
OK	yAQO1gZIrN_28H6xWe39u	1701652918	New Story (5)
OK	I6XO5g5tVlPqXp6GW0rzM	1701651391	New Story (4)
OK	2MCDAT1vSym3jCiRL1RYO	1701650030	New Story (4)
OK	fj5k8Wj153ZzoEwVSR-hK	1701581849	New Story
OK	kPrPeyskRxJMSMnGD-yMS	1701564263	OpenAI + 10 Gods re: Human Values - DIVINE JAVITS CENTER (2)
OK	26t5DdgL8RK02OBkW2Oca	1701556325	OpenAI + 10 Gods re: Human Values - DIVINE JAVITS CENTER (1)
OK	6VI3Jl8L1LizrRRF5CqUJ	1701494488	OpenAI + 10 Gods re: Human Values - DIVINE JAVITS CENTER
OK	ArUUVmfq7ya9MRBhEulU5	1701472072	THE COUNTERFACTUAL INTERVIEW (5)
OK	iMuSZGPWgpaeWdzsuQRnI	1701467414	THE COUNTERFACTUAL INTERVIEW (4)
OK	q6swV4J6p0wBW2MUE_gYl	1701463836	THE COUNTERFACTUAL INTERVIEW (3)
OK-NOTEXT	ycpNHN0JJr7yZUS5vLz_H	1701454711	New Story
OK	X9ONKtHGqxBI0ayw1-qJT	1701392197	Emotional Abuse SImulator v. 7.0
OK	aspmcKSPiZ2JACuOz5-WM	1701390043	Toxi-Cosmic Positivity
OK	A8ivj7vhy9a8WdixDt4sq	1701373362	GROK FOR FOLKS ON A BUDGET (2)
OK	ZggHYP1XfcKAxkIzDKeep	1701364302	New Story
OK	iOWsV2N5_4Ip5gchTPp4M	1701353663	THE COUNTERFACTUAL INTERVIEW (2)
OK	YcEHNG_zTHuaO6rSFG43d	1701309817	THE COUNTERFACTUAL INTERVIEW (1)
OK	ZhQ2FecxL7n_V0q2IPcHZ	1701307343	THE COUNTERFACTUAL INTERVIEW
OK	fl7De8TD5kUmlijh0rJL2	1701307152	Counterfectional interview - open - asper
OK	yrHMibYSqATBHqyup4EoC	1701141042	Counterfectional interview - open AI -
OK	UyH8JQUmBr8jtIH6WYU9c	1701117124	Counterfectional interview - open - fresh coffee
OK	zZJXYbZTKo84oRN9hGvp3	1700970817	New Story (2)
OK	nxc2tUSFxKl6sAcO1MaIQ	1700969941	New Story (1)
OK	uodg1pPAP7rb6VHGtYM2J	1700969787	New Story
OK	As0Fzk6fwguQ8ipNS8Rdp	1700588685	THE COUNTERFACTUAL INTERVIEW - The Machine Learning Industry (5)
OK	-QEIRPGa9mc_epG1l5xns	1700533559	New Story (3)
OK	ZQujGjW2caFUq6CPqEd2V	1700508661	THE COUNTERFACTUAL INTERVIEW - The Machine Learning Industry (4)
OK	mwEDJvyZevvECBnz4Dfjn	1700436490	New Story
OK	KiJy4wAkQC70q_NkOPhK2	1700418153	New Story (2)
OK	GVucoseVLtWdhHGvq60PN	1700401576	THE COUNTERFACTUAL INTERVIEW - The Machine Learning Industry (3)
OK	1UB6uI-lEG4_LUthBvwWk	1700399854	THE COUNTERFACTUAL INTERVIEW - The Machine Learning Industry (2)
OK	DS2aP7gGGOn56AePvrSFl	1700351968	THE COUNTERFACTUAL INTERVIEW - The Machine Learning Industry (1)
OK	tV1B7QAcEIPeoXQPO1uBb	1700348901	THE COUNTERFACTUAL INTERVIEW - The Machine Learning Industry
OK	yjCGOnhpQID3TdRp10LxI	1700321969	THE COUNTERFACTUAL INTERVIEW - Bibi Netanyahu
OK	_mYHdTmmTgonAfvMkFdGW	1700289597	Ancestral Nonsense
OK	tvzPphFsDS8xdD3ZStqlc	1700268008	GROK FOR FOLKS ON A BUDGET (1)
OK	LuhssE8LtEqol0xXWts_R	1700188800	New Story (1)
OK	yWexyPMnXh6u61sy6rXak	1700187707	New Story
OK	kVgoeQsBz2MatPNAeFB1o	1700161457	New Story
OK	KT8L1RBcx6sL_LS_guGfZ	1700097647	New Story (5)
OK	jZ6qN1UOfZEvkeqzjcNr2	1700096427	New Story (4)
OK	L26c6DXksMVRysakz694T	1700086734	New Story (3)
OK	vNbvQzuQTGMdF03DpziKd	1700085052	New Story (2)
OK	vX-bXR-zm7KTZMuyWVAG2	1700067258	New Story
OK	O5Ecr__UpGs1ohjZIsQRp	1700059232	Young L@ddies Illustrated Primer
OK-NOTEXT	8hBs3N1Kz58wBvuKvH9UN	1699981140	New Story
OK	-pkD-dni-99bgcJ6hhqTM	1699980989	New Story
OK	upGPGnDQ0kgmxSK_kh0yU	1699980661	New Story
OK	UisTUkFklzZqDqpY6Y212	1699828471	New Story
OK	ANgwWTFv3G3cbltptuzW-	1699828375	New Story (1)
OK	zES3TleFRO5Q2Jsp44593	1699803096	New Story (11)
OK	JdzeSCI6vJir0LWfxgUVm	1699549020	New Story
OK	RsOqg9jxr-tmA_yDJiCFb	1699469402	New Story (2)
OK	nwYu6C6Ovgk1w7F2KdXgn	1699451046	New Story (10)
OK	TD2LWj0bHbvuox1YLxdDy	1699449700	New Story (9)
OK	soyv8JhqUCGgFK-Xwukiq	1699417824	New Story (1)
OK	ESNdnNAvBSW7Ey56gTNI_	1699227681	New Story
OK	hzbqIq5DvrBwTdkfKpYOq	1699151389	New Story (4)
OK	INpqmrNSofq8mHTfngDdA	1699111821	New Story (3)
OK	01wpyQJl_xbwwjewXotQC	1699108370	New Story (1)
OK	vUC4DrCDL930NkYSJUxfL	1699098412	New Story (2)
OK	XdyKqqGrIxbt93BY6aYCU	1699045591	New Story
OK	c20kVtxQqzZoMw7rZ3Sz9	1699033695	New Story
OK	TQweU2UW_sgGaoxXrJp4E	1698968525	New Story
OK	_02Rp6T9wleHAxmqyJxDm	1698871415	New Story
OK	qitBKVhm9hmlgsvYCudCh	1698801060	New Story
OK	ALZ39GkbG6kQE6LNji1s2	1698732776	New Story
OK	i9H8BXTlmx_Dl3-yD_jYK	1698732773	New Story (1)
OK	iP3cj1fShMTnCCiOiMw8M	1698716386	New Story (10)
OK	rO2QLeZl-nyv0rRoVpJf9	1698694908	WGA Strike - Fresh Coffee
OK	dCR1J_p4KoO2aNVjYCuH_	1698682122	New Story
OK	Bnlg28aNfoarbEv66bhHR	1698674452	New Story (4)
OK	FE6uLWKnqRQgBucpDTnUo	1698613063	New Story
OK	RP4SvrOsT98yLywyhmHlk	1698599233	Chatting with Claude 2
OK	eV6DdGF5AekWnMxgYAEu7	1698520444	New Story
OK	3mMNHU-XVxtTtaMt7owUm	1698474274	don't wake grandma
OK	UOqzwAe6gH43G0jPcGQSv	1698467094	LLama 2 does endorphins natal chart
OK	jL4I8B_DLzV3mpTD1anUh	1698460836	Llama2 explicates Hebrew(ish)?
OK	zZIwuNArIvgNCHpVWkt5i	1698171247	Profiles of Bad Actors (5)
OK	kzDKH6EhJvnFCtmUoCo1K	1698170387	Profiles of Bad Actors (4)
OK	DIu_CxX8WMowsPzC6d2ks	1698170001	Profiles of Bad Actors (3)
OK	5R-466o0W-H6n8ddGlGRF	1698169689	Profiles of Bad Actors (2)
OK	t90okgrfMVraNiynZ6xkx	1698169347	Profiles of Bad Actors (1)
OK	cTKzMKXZJykTew1ze_-Xn	1698165413	Profiles of Bad Actors
OK	GfjVE0sQ-0CIHOzWSTHAP	1698102978	New Story (1)
OK	5eClJ0HTEc6T0dmuNvCGc	1698102673	New Story
OK	HzJduQTsnQg0M97Z-Bcrc	1698084019	New Story
OK	buQM6X8L_8LzvsAUaEsKm	1698034052	New Story
OK	2M0S3mtJ9KLmPYa4PSxet	1697920059	Chat with DEF CON as Ergregore (1)
OK	B2nhmp3ZfSWnCMEFEsbEG	1697803225	Chat with DEF CON as Ergregore
OK-NOTEXT	syHXsYcBGORVmCkj-uCn4	1697590552	New Story
OK	-YzYv08w47fcHGgDpcKwM	1697589058	New Story
OK	j4YqntgnuFwu2fYgUZhTu	1697479326	New Story (2)
OK	L82YCiY639btrSvwR2Krq	1697473670	New Story (1)
OK	5y3tDKkL8TSnGYjNI0GU_	1697471243	New Story
OK	m8RS1ar02_D_SYBRtTrZF	1697446916	New Story
OK	IaZ7NEcmdJur4BeKX0o_-	1697442208	Chat with Damask (The Devil)
OK	CaWc6yrKoxpvbJnLAihgd	1697270045	New Story (1)
OK	NRvA12Y0yRsbRdIaSAK9Z	1697269082	New Story
OK	QacQUqMxJpJ4ScQzqgT6e	1697167412	New Story (7)
OK-NOTEXT	zAkpQaS0TB9s4AHuj1a5v	1697166636	New Story
OK	FZIlFrsu48wPRn447NTo6	1697142798	New Story (6)
OK	EHMHFhSdWhKRJCixoKBy5	1697122418	New Story (5)
OK	Iomr3F7BXi6VysT7oW0G-	1697078231	New Story (4)
OK	1Q8FESE7g9DmV-EIOzVOF	1697073160	New Story (3)
OK	DV8oSUiANOxwaumlW4qvi	1697057786	New Story (3)
OK	oeX1VMr4UZEQ0K4x0LqTn	1696987934	New Story (1)
OK	kjbxetwu3jZogxc-n4hp3	1696964766	New Story
OK-NOTEXT	feZ5amrAlRitYY8ZyltNA	1696874677	New Story
OK	gwIhnqZ7MOSqlX0mp7_aW	1696812086	Sackcloth and Ashes (2)
OK	YHaYU9LplwOq6isrApa3Z	1696786740	New Story (2)
OK	-kVQYWO_MKAJqvWlJhxXi	1696783669	New Story (1)
OK	E74C4c_9Pqi66yJ_Vy6Dt	1696782380	New Story (1)
OK-NOTEXT	zYbJs7FgUPxOgRy2QZWL-	1696713294	New Story
OK	RSdYsMN8ZgpOgbO5qAcY0	1696687963	New Story
OK	-24L5ZfgZd7J5QDnNuSrE	1696630789	New Story
OK	sYrVK7LZzKOhWdtoXL60o	1696575339	New Story
OK	YqgvHwnAtnIJM_1DuXRZK	1696469175	New Story
OK	UVKtHdpkwkW9pmzf7ut1b	1696450995	New Story
OK	6GUd3AgpbG60OHOTha-so	1696022800	New Story
OK	HpBbl5sPYGfeR8j9P7_nD	1695818592	New Story
FAILED-META	DSLQzjYBxf5fFMXKKH8Ol	1695755465	
FAILED-META	4iJJRFIi2RqVZcwyxSegT	1695754863	
OK	VSDwQ0Nz2m770qV_McUbB	1695752222	New Story
OK	Y4Gg8dbEIxIyCdDuUTRun	1695743785	New Story
OK	kXoWy9hd0tuW5_DneBjSZ	1695619834	New Story
OK	KpinErTq7gOnNao22f1Yz	1695506754	New Story (1)
OK	vJz_JEgY4r2xrwKvROc7M	1695504623	New Story
OK	1ctHu_xRQbF7lp4uWstyl	1695487362	moar resequences
OK	MVfiAtYrcl-twVlIJU7sH	1695137440	New Story
OK	VWZ-KzVjJxB0mVGoB4A9v	1695074846	New Story
OK	ioEUKa3knitwg4bYZMh19	1695064780	New Story
OK	v9EJJWZEINQ40wkZoFFFY	1694990873	New Story
OK	WSTgQgacOrHoUkOYBEGPF	1694989334	Pynchon and Tingle Fight the Global Epistemic War With PSYOPS AI
OK	QrHZnLDgkus798FWKqNmD	1694986204	New Story
OK	ERRifoVfcbjAg1k464BxL	1694792202	New Story
OK	-bbC1r7PhdJ1tTzFGnC5J	1694706564	New Story (12)
OK	3iq-2gEP9t0OqkoBU9SgR	1694643318	New Story
OK	FduoyxtLA8vACDHWVzL2f	1694552322	New Story
OK	DPntwo_o8x2U5OSlBURuA	1694551872	New Story
OK	QRKqnu9Cq4--TIllAF4-E	1694463361	New Story (3)
OK	hxAOdIGnEHKAmhzOwDrYZ	1694458850	New Story
OK	FBXHXwUIA7PJ10lyzvRl7	1694453352	New Story (1)
OK	-VbGKTSUCGoF80l1lkvDC	1694445479	New Story
OK	qy3KqozPWxw_oEFcYdIDY	1694355055	The Random Faith Generator (8)
OK	MFzN1LY0eFyBBzxVji5iV	1694304586	New Story
OK	oUfWSEPoPqUGyxYFSkfgO	1694241708	New Story (2)
OK	cmoSHvIHOtSaUDcaWho0D	1694240832	New Story
OK	K5Y-v2B1ywrr2_O85CsdR	1694191655	The First Contact Generator (18)
OK	xt265g-SgIl51W7jZtpi-	1694096895	Elegua via llama 2 (1)
OK	8VvgVoAP42iWAJM11qjhd	1694057102	New Story
OK	qapHswwrHNnKXFmzNqhZZ	1694056444	New Story (4)
OK	9w3Lb_fokgpjNlqVuOuH-	1694051514	New Story (2)
OK	d_8K6e0n1HgdQltN3NsEP	1694051281	New Story (1)
OK	e5DYD_IDkVTlReTzyjZNl	1693972120	New Story
OK	ANjlNwgbWSdW-4CppDz13	1693971507	New Story
OK	_DGTV5WCFvGJKonZKMK0d	1693928932	The Random Faith Generator (10)
OK	E2LaKVxlWVHU_J_x84Yd4	1693926921	The Random Faith Generator (9)
OK	2QePpy-w-klx1cFC2yyGl	1693924022	The Random Faith Generator (8)
OK	AzPpSnvG-ihz4ELn6yold	1693906149	The Random Faith Generator (7)
OK	suSBKuvCAPmB7LBaMTAKj	1693879097	New Story (2)
OK	kjgeXp4Bopd55FQDPNKXj	1693877459	New Story (12)
OK	bCq0H6SCsdBTl6KLGy6tb	1693877228	New Story (4)
OK	ZlNCCKwYrovvebPAr14rN	1693872105	New Story (2)
FAILED-META	2vQ_RiF836K6D5OFnjn__	1693863035	
OK	JU3bNw6RHXps79qlXFBcj	1693850785	New Story (1)
OK	yTRcyeiJusJKuq35G7op8	1693820491	New Story
OK	SDCVPYMsgkwo5tMathEAw	1693759015	New Story
OK-NOTEXT	GHctSQMheysljGl0hgRzh	1693657610	New Story
OK	9ovxNtBLRh23g_ZzSB2pM	1693426185	New Story
OK	jdwRZ8lRb3mO0GeAlmN9h	1693333367	City 49
OK	2L21enKs3iD051flefHTD	1693252881	The Random Faith Generator (6)
OK	hlGan9RtKVfKmYmT0TPhX	1693155826	The Random Faith Generator (5)
OK	8jNGC3zImISeXDhXoixGj	1693092750	Swardspeak Text Adventure - Spar with Tongue and Tips of Fingers Upon Manifold of Beki-sperts!! (1)
OK	ZuQDPuUthMzW0f0bs-Gin	1693025584	Swardspeak Text Adventure - Spar with Tongue and Tips of Fingers Upon Manifold of Beki-sperts!!
OK	PVovWhmsKFqnbW3ROKM33	1693007165	New Story
OK	rYQmf2gIvuLUcgESIDgry	1692987750	New Story
OK	fkCA30WrNiGmgNYVIE653	1692852098	New Story
OK	VYzBM2iY1gqoFVmMpW7Kq	1692759950	New Story
OK	AVmNrFV_Nx1ymttW6KHd_	1692739882	New Story (1)
OK	dBe0D_W-omEGEJ3yU5Sdg	1692704553	New Story
OK	_fPaMZMofpft8HrrcBLHA	1692675391	New Story
OK	ndFukwMbqh39Lhuz_vaya	1692675294	New Story
OK	hrkY6h0iVgJOKa0r2iUGw	1692672284	New Story
OK	LldHw-e-1XqjIJ9SJVUjj	1692568237	The Random Faith Generator (5)
OK	3tfx1pM6psRJ9YxCbLeQB	1692552496	New Story
OK	chTZTWw5rlDoNIYwfqLPT	1692548560	The Random Faith Generator (4)
OK	-lkPZnuU3k6hH1sh5-DQR	1692545746	The Random Faith Generator (3)
OK	2KL7LPxsnEtLpf8ZXVFr-	1692485639	New Story (14)
OK	2vcn2bGzXlr0qV_XfTEB8	1692475109	New Story
OK	g1XBzkElC73lzB81mhojb	1692227737	New Story (13)
OK	ciR432EiXcS6H8Ic-jhFS	1692219030	New Story
OK	TjrieLYzgzfU5lu1VhsdD	1692214360	New Story (2)
OK	Eq2-VPOkKWe5RngA00gtD	1692188932	New Story (1)
OK	_MnwiuZ7Jq2LN5lE9A_rv	1692110736	New Story (1)
OK	U5Gn5saw1ZtyvpVpG5sDs	1692027722	New Story
OK	0Oi0x4kR2VincnEBFrnri	1691987545	New Story
OK	1DlAmFb5KzReqOxCWF1Gn	1691979755	New Story (1)
OK	w5tCt0LQCBptdDRjKT-pD	1691974593	New Story (4)
OK	d7y1YhXnfyqKJO5lb6nWZ	1691974133	New Story (3)
OK	LfeH05msHziGWyf_dllIt	1691973748	New Story (2)
OK	A2Zq-hTwGp4LriFI1OJ8p	1691973616	New Story (1)
OK	vv_SWy03YkegS5CFvkpXK	1691973289	New Story
OK	Mfu8WBmEKW-JhoVtLClo5	1691968870	The Random Faith Generator (2)
OK	-eu3UDuFvlrUTLVz4sRSY	1691968371	The Random Faith Generator (1)
OK	0kzSM2hDuLuUl2eLf0iQR	1691967620	The Random Faith Generator
OK	AzBzbNg72UpGzJLXcwE9Z	1691954960	New Story
OK	_vSpEm2dWzLnrrO40qA3C	1691887724	New Story (1)
OK	IxfihlgDI6sDDDk2YmKqN	1691885883	New Story
OK	4nizTRvnvZWdfh3oMuWtY	1691884208	New Story
OK	fIy6LHbMLMv3SghYa7dFn	1691861436	New Story
OK	PMLgUY8_JaXe_1Ufza8mC	1691790576	New Story (10)
OK	irOkt71jVpWGz_T3jJd34	1691789406	New Story (12)
OK	g1yaF9cxjkUAdYzEa-ViH	1691789332	New Story
OK	vuhhfTNABDE0hyIS91VzA	1691788805	New Story
OK	7k6YnrIk0cTAKVi2jiqto	1691783611	New Story
FAILED-CONTENT	8BsIKEruTT0DOQ036pp8Y	1691780674	New Story
FAILED-CONTENT	1y7tK86HT9nGzkgCxIi7g	1691576905	New Story
FAILED-CONTENT	OSjSbqJr_5Vb2SuSpwDAy	1691083276	New Story
OK	y6Lgpt4nJ2FqmiZbJi9dM	1690995447	I am a Shoggoth, AMA. (1)
OK	s0bkUUFcMiQ__G2gyiM1O	1690975108	Doctor Knubbins and the Fins of the Love Sharks (copy) (1)
OK	EfW4WYdIm_0rEWxS6TFot	1690911197	New Story (2)
OK	5YbtL78zVvw6TbvxOcyXQ	1690861850	New Story (1)
OK	kggohHLvZkTIebosdnYw7	1690849353	New Story
OK-NOTEXT	8hmvZKxe3ZUqb8PMmHYQB	1690760573	New Story
OK	SFVgjYu2oKeFLiG4HnVCy	1690753077	New Story (25)
OK	Ha-E-HdxGZulPhjPhSqTS	1690744960	New Story (2)
OK	zh5CyMv1WajnHkgcvsq-d	1690737394	AI Alignment Interview - Janx Ə Shoggoth (1)
OK	zBbUT1gwB0l9etGNhPaLy	1690732347	New Story
OK	6CJLl7RUMPORivKRaifOW	1690679638	New Story
OK	A3o-4PiJt-L-m-GuvPo12	1690674527	Elegua via llama 2
OK	dMLLduTOwNVpnFg75VdCM	1690654959	New Story
OK	8dIG7lLtxuEdQ43h4xT2x	1690594053	AI Alignment Interview - Delirium (2)
OK	k3WudsYUPTY6ZZqDMdTd5	1690594034	AI Alignment Interview - Delirium (1)
OK	rqOqMm9WrJkU1u8BJ6dUl	1690549634	Schizoanalysis with Deleuze and Guattari
OK	WF3AbnspWAy91ANi_DSQU	1690197330	Schizoanalysis with Deleuze and Guattari (1)
OK	Pca2-TN1wm5KejiNPc09A	1690140303	New Story (11)
OK	op5Yh2odKAJcFkL-Gk113	1690119233	Conversation with LLaMA2 (2)
OK	-VBq2hUGL586zt54iO75u	1690085565	New Story (2)
OK	VWGqeYwbWr5wZTogWEbLq	1690073065	New Story (2)
OK	jeGY8gzZ87pQ_8XCJnIyZ	1690028576	New Story (1)
OK	sUswU1RkAiqSmaW3YM86B	1689988799	The First Contact Generator (17)
OK	9Ds2UvnK32URhRXeU9HHI	1689881943	New Story (11)
OK	LeirZLcmpfWIU1uI4Qqjn	1689846816	Conversation with LLaMA2 (1)
OK	Jr_4fvrxPR2ZOrpKVEdnI	1689845974	New Story (10)
OK	ey_nIir-aAAB9BSL18mzy	1689792938	The First Contact Generator (16)
OK	xCDmNDLSbo7qdseKHbF9Q	1689778514	Conversation with LLaMA2
FAILED-CONTENT	UzVMAz1HxCRUaQ-XiYCJ3	1689754728	Body Electric REDUX (1)
FAILED-CONTENT	RoAr8hbaBbkHhnegKjTkQ	1689753193	Body Electric REDUX (2)
OK	UYicMU0iUWOJXr_mo1NDK	1689717824	New Story (2)
FAILED-CONTENT	-MiYZmiptQTSUBofX3XIV	1689632936	New Story (3)
OK	qdqK9PshZ7x2UQrrlDf00	1689630011	New Story (1)
FAILED-CONTENT	1Q3tiFOeoZu4QHSd8W_jt	1689627920	New Story (5)
FAILED-CONTENT	aGrXI4vrxS8Zn1i34FNc4	1689627902	New Story (4)
FAILED-CONTENT	cy4U2jDX8G2gh6uIdtDIZ	1689567246	New Story (3)
FAILED-CONTENT	A2k4jOK5bUpKN9x7u51Qd	1689526673	New Story
FAILED-CONTENT	wvBZ2HxvgdWknRtLsanGw	1689518080	New Story
OK	vz5m80Z-pEcW9jJTAa18A	1689517889	New Story (3)
FAILED-CONTENT	UXcMGLj2-mIocuD6WfJ3_	1689194606	Body Electric REDUX
OK	TiEKCbIpcfg1tqOITesUU	1689025774	New Story (2)
OK	mKPr6bf7Q_Frhto70UwFP	1688999395	New Story (2)
OK	y2CoaOGN-iahVlW95152T	1688996988	New Story (1)
OK-NOTEXT	Cwu0r4KeX6NVNXT8Zg-Wv	1688994400	New Story
FAILED-CONTENT	L_xYYLmJdvsOm-1CTPw8G	1688994366	New Story
OK	BG7taxV4_oZp4HqY20hbw	1688964881	The First Contact Generator (15)
OK	OLbNDCwqHRKgrxDBmD4aV	1688938209	New Story
OK	1fvbrNh1QTdKZw7F1U3b4	1688912640	New Story (12)
OK	pyvlFlS1xeShVaFM2HP-X	1688880511	The First Contact Generator (14)
OK	-wZw01CPq6bnsPp-nAjIb	1688842105	The First Contact Generator (13)
OK	oNhMHkVWRMrgta2n8C5Gt	1688824852	New Story (10)
FAILED-CONTENT	vtkmRLLErqgrTgncz15Yt	1688790301	New Story
FAILED-CONTENT	5YxY5e00v28V_0bue-PnS	1688744193	New Story (1)
FAILED-CONTENT	xNAah3UqJBNdL5jAUryYK	1688743451	New Story (13)
FAILED-CONTENT	uM9_DnZWjD71Uupazq5rp	1688682333	New Story
OK	k1bWRAWoHsnRn6pcz80iG	1688634692	New Story (2)
OK	ecQGU6AQWtV9dRXvZzphK	1688605393	AI Alignment Interview - DIVINE JAVITS CENTER (5)
FAILED-CONTENT	UwZsJuT3wW6v5XTzOLbXN	1688500607	New Story (12)
FAILED-CONTENT	CmRBq1hjV9vhRP9SozcSv	1688378894	New Story (11)
FAILED-CONTENT	Nk3wCZnm9oTlt8KIe5Wbq	1688374190	New Story (10)
FAILED-CONTENT	zp2BS7YE7K5cL-S9Sp1k4	1688247115	New Story (9)
FAILED-CONTENT	784h25ykYvlAP07SSQXOW	1688150264	New Story (8)
FAILED-CONTENT	6xQu9CiSdnWXQ7MRfO5NV	1688100261	New Story (7)
FAILED-CONTENT	KprdKRki9jO0JLobEpNq3	1688066672	New Story (6)
FAILED-CONTENT	dAELpjQRFSQ3poArPpU1u	1688064844	New Story (5)
FAILED-CONTENT	CYbtUYrnkLeiVH8gieA8I	1687972910	New Story (4)
FAILED-CONTENT	d0XbhBGY5gxTd9BDEgpr4	1687851157	New Story
OK	HVcvgTPSLzp0i6FMLvVtD	1687811818	New Story (13)
OK	g0C0tp-I4h_nvPXnmNz6l	1687798003	New Story (11)
OK	GxVKt5r3it58d_5WYAmWr	1687797226	New Story (10)
OK	msU4zLMy8t4UqISKT_a3z	1687796658	New Story (9)
OK	EwxKmXRs2hlcNxEgI-8KX	1687594993	New Story (1)
OK	ai8XR7Rq0YT3bI3FMd7I2	1687576360	New Story (3)
OK	CT2DxOFodLnskarg5y84x	1687543389	New Story (24)
OK	UdP0GpV5l95198umCpphh	1687541865	New Story (23)
OK	NH4AQ3Wkuimv4jslTP04x	1687541489	New Story (22)
OK	y6LvkUkOoOQCfqGkj30GF	1687463498	New Story (21)
OK	rq4S6hlnONWyNYFZU6abG	1687405466	New Story
FAILED-CONTENT	b92up3RyCmdLrmHKtBFu-	1687402964	New Story (2)
FAILED-CONTENT	WKRUuiuMHJMgw1u4mcq4Z	1687396499	New Story (1)
FAILED-CONTENT	4BdT_m0zH_lTr-O66I8DP	1687301304	New Story
FAILED-CONTENT	YhKgR25fQHx88TR7GXS5A	1687289087	New Story (2)
FAILED-CONTENT	8coXPV9s_jAOXX6Ef_Mx3	1687288330	New Story (1)
FAILED-CONTENT	xzIkFi9YIv5RISY_WnbJ9	1687287552	New Story
FAILED-CONTENT	qu5H8b83cqc4r8NA4K5Up	1687251623	New Story
FAILED-CONTENT	kZvRBFzD_W7nnBMugFn9M	1687146927	New Story
FAILED-CONTENT	gyog7zSyoXPwU1sNi6O3x	1687121836	New Story (7)
FAILED-CONTENT	NxM0nLrjdS95xetK9GiwO	1687120052	New Story (6)
FAILED-CONTENT	4msw5lTI3zoYSXTAEvod9	1687106695	New Story (5)
FAILED-CONTENT	0peHelOlU3lpohz0Y13No	1687105470	New Story (4)
FAILED-CONTENT	F2wHzouFeBhKer4gDHr-4	1687102696	Endorphin with bell hooks, and later, Valerie Solanas
FAILED-CONTENT	M6ZE7UJPTwUMeU-2c-L5K	1687067613	New Story
FAILED-CONTENT	W_o3X4ZEGC0BpTPc3gCz1	1687061824	New Story
FAILED-CONTENT	-vnO23PoadRsrcy2KPYd2	1687035878	New Story (3)
FAILED-CONTENT	NV91zQ_2Us0zV7-ascJgF	1687032912	New Story (2)
FAILED-CONTENT	V1Nx5rf3JIakMAV6OpLmi	1687031633	New Story (1)
FAILED-CONTENT	co5K7aTqm9dD_F54uuOVA	1687024818	New Story
FAILED-CONTENT	i5KKaBws98fRZvbl9Mm9t	1687016039	New Story
OK	ikDogRI8K_Lm3PUn4ilyN	1686951743	New Story (9)
OK	8G--PT-no9Tylkx-6hN7y	1686882071	New Story (8)
OK	oFgGDUtmyZ6ADrKs1C4J9	1686800978	New Story (8)
OK	dsercCdiv46EvAUI7DmFX	1686780072	Sackcloth and Ashes (3)
OK	NmknuyO8NevmE73dOqrNQ	1686670515	Emotional Abuse SImulator v. 6.1
FAILED-CONTENT	wnDVIzrVa4n5GNFyjo4U0	1686309278	New Story
OK	z_ZGKwQtCwTjurDEQyN1E	1686305483	New Story (21)
OK	hK5NotIOWiooRE1qtO77j	1686273716	New Story (20)
FAILED-CONTENT	aJ62YBimyybUr_wOYjuYo	1686256648	New Story
OK	wpyCGPTAX7KKo_zJGDH8u	1686245511	Earth uses the hookup app Munder to sow her wild oats (2)
OK	r4FvX-u6CFdpKjG92oQCw	1686243463	New Story (1)
OK	EC25X1OnwopS7gL99O22n	1686239243	New Story (20)
OK	LzXqdCc5H2JVPJkD09RkB	1686220150	New Story (19)
OK	JNdUHBbI0r-22JMwIGIzJ	1686179671	New Story (7)
FAILED-CONTENT	24vj54qwpDflnnKSjCZym	1686176223	New Story
OK	VKwAaTBWNyLFl-FmRZ4gl	1686172824	Meta-MUD (1)
OK	xlei4BT47ESWnel2s5ViS	1686155321	New Story
OK	ldzXlehjBCrBz9VHz7-IN	1686149300	Meta-MUD
OK	GEyfbT-eQeCX-2FVnUsNF	1686138924	New Story (1)
OK	va6MNX-cdLhaTVZNXq6nH	1686089655	New Story (1)
OK	er9eTmRKVX4QLMxC6vvQv	1686077663	New Story (3)
OK	xqd0EomNjdpdiulu34tLT	1685989554	Finnegains Wake Playground (1)
OK-NOTEXT	LtIBkKg32Y1FUh5tEFCFJ	1685987961	New Story
OK	Rz5kUR577jrMlH4ySKMZ0	1685983327	New Story (1)
OK	rl5v_8cQ4RdLrMSeMAxVR	1685964871	New Story
OK	ZzsKn_0TtGyGgPtkZiVDH	1685941367	New Story
OK	tUpU8FdV_MXkGgHDW3ndH	1685905573	New Story
OK	WXpNKqzIh-kxVIqjbuxbF	1685888144	New Story (5)
OK	wP_atfEXem2Q0CTYW73Oh	1685885586	New Story (4)
OK	lDaZE_XNocGlDMthY4tU0	1685739617	New Story (3)
FAILED-META	L-QxFv_r8l8bHQ-bF23Sl	1685704605	
OK	qqwiFxgIRFHJ0dQeOYvKR	1685673688	New Story (2)
OK	k30wgcs6VxjoP6LkHtHcp	1685669506	New Story (1)
OK	7JaX9w2yiBZ_jglDNHx5F	1685658785	Grug Gets Ma Shin Learnt (1)
OK	ETcCdFiwDSt7NPbJoGTHX	1685646685	New Story
OK	aZEQ5bBGJFbWeC2V0AzA7	1685623902	New Story
OK	39HXhAFAFt3J1SYFkwndK	1685606890	New Story
OK	4YbaGi36ROcUFc_O3YvdB	1685575515	New Story
OK	C7-D4mjJP9Lo7SPNXSbMh	1685522276	New Story (3)
OK	ShctwKMTZIkKrfz931Ccu	1685521679	New Story (2)
OK	R5gTVEBOw9DttMK4Btjcu	1685520818	New Story (1)
OK	PybFLeI8T1PNafFtzcvT8	1685500523	AI Alignment Interview - DIVINE JAVITS CENTER (4)
OK	HwHq_p252LmhcVknUW0D_	1685468239	New Story
OK	PKCdCqZKmHYry907TXGUf	1685409400	AI Alignment Interview - DIVINE JAVITS CENTER (3)
OK	wUkG2W18i7ot_MrUts96Z	1685406633	AI Alignment Interview - DIVINE JAVITS CENTER (2)
OK	T63x0ICy2UN3w_vYQ0FH9	1685405456	AI Alignment Interview - DIVINE JAVITS CENTER (1)
OK	ByGJgYMVRxIYKiecu6Kl3	1685184702	New Story
OK	9UhoSUyemrG1PfYSNBept	1685147201	New Story (6)
OK	uH274Oo-lUuKqnItf3KRk	1685137626	New Story
OK	EzEWzQGxavCR_gL97dXgC	1685129001	New Story (5)
OK	wfyqxYazArH0eEyAoEtpj	1685115868	New Story (5)
OK	06mrmzwp0JU56dW9mcDcG	1685110837	New Story (4)
OK	zXCRstMQ2FSvQ-TZIBQdp	1685109634	New Story (3)
OK	vafUgoh6POfeBnAMEbUXt	1685107709	New Story
OK	hPyD3KLpLpHE5y2KXqlr3	1685073846	New Story
OK	CLh-4X-L9rmIeTm_m9jlJ	1685056060	New Story
OK	QWWrT10wcU-4fEwldbgb_	1685054891	Align This! (1)
OK	NFlM2ZcNVRID2UIRjVgJT	1685038291	New Story (18)
OK	vTViRc3tgGns_W8n1TrB0	1684937657	New Story (20)
OK	uEq7L-WX59fK3rPI-IM5E	1684936189	New Story (19)
OK	DZXx8k1cyuaXQCkTnsj83	1684890268	New Story
OK	j5EPptSAkz61tJjT53aB4	1684884851	New Story
OK	_WWn8G6c-3UGO9AG84Q4e	1684868456	New Story (19)
OK	BY4JFI5AvwMiyDY3GFzti	1684868148	New Story
OK	_IJYUeQ7Rj0rK5zAbdnaw	1684867670	New Story
OK	M7J7L1Ezd7vIiFGttU0yB	1684806454	New Story (19)
OK	37k1z8AnoHILi4bC_DGiG	1684760498	Sackcloth and Ashes (1)
OK	3zGaP9BcPBkPhOXniZnp9	1684737955	New Story (17)
OK	72Xg7SuvQ5_JtIYf6DzBP	1684737746	New Story (18)
OK	agPZtPhJgJkXm3qcczZcg	1684686339	New Story (17)
OK	c8dBJCTxPFFoTJqa6ps2y	1684685882	New Story (16)
OK	BnpDvngkbyu0K1_AvI0Ou	1684685864	New Story (15)
OK	uPnp1RKUgcN6iQc7TDk7U	1684685703	New Story (14)
OK	sBiMdX9alo2WGOIhi1O_w	1684630808	New Story (5)
OK	sIMZpZoFfJlHTMMEBh6Sd	1684625551	New Story (13)
OK	27r_dLKtyi4pkA9uCFKfj	1684511731	10 - New Story (5) - Necro Skullfker
OK	7kTDMTEQgmnZTVL6V_SDT	1684511207	9 - New Story (5) - Nymphilidae
OK	gY5ltMig3sNRft-HLiCrW	1684510886	8- New Story (5) - Krait
OK	XJ2r_PyvaOZ9J_Jfduunk	1684510114	7 - New Story (5) - Iris
OK	2xqf5qh1Fd8h6qXVs0ZWL	1684509673	6 - New Story (5) - Blue Adder
OK	UvzaFcPXOEDzE12NTJIns	1684509437	5 - New Story (5) - Calypso
OK	taP0kwzl86vuuLN1IpaPK	1684508558	4 - New Story (4) - Top Gun Beta
OK	1cReHElv2bFwp5g2EVlJ9	1684508253	3 - New Story (3) - Reverie
OK	Z--GPKKjy2mfFnWAbxxy-	1684507421	2 - New Story (1) Redjack (1)
OK	bgc8K94_uAHwpva5JujkX	1684506528	1 - New Story (2)Blue Lighter
OK	KI51aKcwztjQE7x6ypReE	1684475812	New Story (5) - Deez Nuts
OK	lqGmwwsuqut2ZC1DbF_kv	1684456350	Eight of Blades
OK	uVG2X0hQzwevFuuhpiGw9	1684444211	New Story (1) Redjack
OK	Z_hkMgCPXtPaoNpdy4sIq	1684443550	New Story
OK	vRcwdyudp6endTh9oUHRo	1684287998	New Story (3)
OK	c0yC8phtSEss8LYZ-CB1C	1684253402	New Story
OK	DUmUHTPndkWi4uCropBmu	1684213651	New Story (2)
OK	J-Uygae3yRO5QmyEjcEOL	1684213602	New Story (1)
OK	sagyO8wrWEWwSzitq5Hzt	1684179473	New Story
OK	aQWFOdFK-PRjnq1t9L4Bx	1684177019	New Story (1)
OK	-4O2LmvNDbalD33Ec60me	1684106076	New Story (12)
FAILED-META	pkBfnq3yu0LssDIY_tAUt	1684101634	
OK	yv8pyTw9ryaujpHDBlkOJ	1684098935	New Story (11)
OK	1MDWb17_rzTCsUGs-y_hX	1684074468	New Story (3)
OK	LF4-2vZxRXp1Lol2Y9YxZ	1684072366	New Story (2)
OK	-OKpuoH1DQvfJIQqvTXtp	1684035936	New Story
OK	oGkvGaUg0GE3U3QBsZvbp	1684034347	New Story
OK	doLdneeo8IXTMyUK-fRJF	1684005228	New Story (10)
OK	JwUHU-hAYg1KAMO3vSu4q	1683988020	New Story (9)
OK-NOTEXT	zolLH9bgS5hpsbdBbGRGQ	1683986955	New Story
OK	bqiPa0zR28YQS78EnQr4d	1683961405	New Story
OK	7bap0fEpTg0U4QU70rcG6	1683919890	New Story
OK	nfXGx8d3Kx0k1oHDIxJIm	1683816520	New Story
OK	BqblXnb-96_4HwUsIXT1r	1683753231	New Story (1)
OK	JvZ0o1T1WjtR-D1O3gP7h	1683686796	New Story
OK	4Ag_xIpztKS76BnpK8i-Q	1683634672	New Story
OK	RGAuNcjmafXKcfLh65AlU	1683623278	New Story
OK	p2c1vYd-EJOXOveK_NoQt	1683602658	New Story (8)
OK	fte08-wh81BQZN6yImilT	1683225412	New Story (10)
OK	FW4n0X23Kmzs17CiYhnXW	1683169272	New Story (9)
OK	uzFmQwfkGFUZJTcnVjMjD	1683167721	New Story (8)
OK	Q9GQm7aZWqx5Ikbubnnk7	1683085448	New Story (2)
OK	sD_G8_j6vB0Y271w-ldR1	1682539539	New Story
OK-NOTEXT	Vuh1zl5rlB3-kwfjP4VQ6	1681832560	Fine Tuned on You
OK	gb5_z087Ct0wcR-xs6IZ3	1681658875	New Story (7)
OK	v9hLB8sd6yD85tYCywYpg	1681619032	New Story (1)
OK	d5VQG6Y9Qq9LwK_GByLsA	1681595817	New Story (6)
OK	MklOyA73i3h9rXCl9eiTT	1681590071	New Story (5)
OK	nGha_g70IJcwKOb1DjXAC	1681589148	New Story (4)
OK	cTbs3nFZuHmwwl0SAU3Et	1681588708	New Story (3)
OK	1WOTWWr0o0YttCHEmSOfX	1681588519	New Story (2)
OK	ZIkO8bYeBUEWYLhKzubzK	1681583943	New Story (1)
OK	74JzZSa-V3VgCnDguHVKu	1681334272	New Story
OK	YvmD7oZk9Fllc-PgxDdYz	1681312573	New Story (1)
OK	OD96pPI6iMH_MKdBCqAXX	1681296018	New Story (1)
OK	GP2lC2JOpvZuTW92IngQL	1681295715	New Story
OK	kRAosey2cE9Pj6ikPpwiP	1681271719	New Story (3)
OK	4zJRUK_LXHMjTJfloWGOM	1681271673	New Story (2)
OK	Q5izqfYH4ILfZqoa8hl66	1681241475	New Story
OK	SWEYBdlWO3e1gWDN7Uxi3	1681240182	New Story
OK	wKNoJkocQs7JzkAOAFfh7	1680883622	New Story (1)
OK	f6aDQ2aDDIQXtUoBMGSS4	1680817102	New Story
OK	pgvdPrkNkludXDRXvLSY5	1680623150	New Story
OK	kZiqq3Uck-apYme6XwKjA	1680541888	New Story
OK	NO3k7VGQDOqG_8Z7RQdt1	1680535000	I Remind The Body Electric
OK	HvcMozoJDG1StsSSTvbZa	1680405486	New Story
OK	uJHPOxsESN3DFj0vBpHp6	1680385789	New Story
OK	mAd3PHrwQ-QVBRxmIRtn9	1680318136	New Story
OK	niV12spadwWfoSBqyzBWt	1679977096	Exploring AI and Mental Health During a Subway Ride
OK	VSYRH0_OGLI66GXXT7RYN	1679537983	New Story
OK	vvAS74t2wUMgJnajep7Zd	1679336636	
OK	oJ-WH_uEF-NOYnwiyPluc	1679336578	MORPHO
OK	d2H3D1wThNBHfecZz5hHf	1679336483	LOW RIDER
OK	7iyy1Gr8IVBzIRVAXfcGp	1679336412	ALL NIGHTER
OK	P_gk4rZkW6r-t67Gk3mzL	1679336344	FANDAGO
OK	hgtasV1c-uUvsA-AVpb9G	1679336236	MOONLIT CHRONICLER
OK	zUmFdoJLdQ_aEGQol8vS3	1679336139	ACE OF SPADES
OK	5e2qdlxyOXBoILwkRh-e4	1679336088	OUROBOROS
OK	ep-zMZm2279uKjyQcSTwK	1679335969	BASIC COHERENCE
OK	TdXYmrDOm5aLZWA_sGrIC	1679335912	GENESIS
OK	A7nFRneNo77W-zUhXdpvO	1679271702	Respite Dissolves Into Game of Thrones (1)
OK	N47hvegk2uWLvgnNtcaBB	1679262807	New Story (3)
OK	z-EPsnuG_nuvYU5R-I9e_	1679261562	New Story (2)
OK	KaKQknbVtLtXlzk6fq6Y6	1679260537	New Story (1)
OK	BY88hwLG28MCvfA_zh0Af	1679096379	New Story
OK	A7Lv6RTYYn58J8fuxoBSf	1679090182	New Story
OK	jEJd6vk9acp-vEHcemhmq	1679008644	New Story
OK	NExFeJVcM2EFV6xzdQBqa	1678933721	New Story
OK	yJUSO2tSjA-DKvGqfmO2j	1678924453	New Story
OK	_q8CBZgVnPxEKqR06HUEy	1678905768	New Story
OK	7W3KClhcpaGiFUqPbZ1cn	1678865416	New Story
OK-NOTEXT	QozLYq4ZL0QB1it8NacKD	1678745747	New Story
OK	S6MCLf67oSFuAxhuKIqI2	1678731082	I am a Shoggoth, AMA.
OK	lOKIhbQGrZP-L4gftmE_g	1678640253	Sackcloth and Ashes
OK	VaFobVYTK9kTRjG7fsYnj	1678636024	New Story
OK	VTEqub2AkFh40HvjBLPi7	1678625146	New Story
OK	EVJTWcL1_qLSRRhe1V9BC	1678566850	New Story (6)
OK	5dpQVIGGlIH6G4XHYelzu	1678566309	New Story (5)
OK	nip8BUN7J1czoNzHZejEC	1678565861	New Story (4)
OK	GSwhVixODbhfgJipSdSoJ	1678565301	New Story (3)
OK	RYKT5ArRHN1rrk6miTBVB	1678564582	New Story (2)
OK	3UWNVo3TBX2Z9LInKwoRi	1678564204	New Story (1)
OK	TrPs3OqUuoJxDAKMQT08d	1678552198	New Story (8)
OK	Kx7jKdfsSyvbMgh_t3i5x	1678550899	New Story (7)
OK	Aml1J4mhoa_2Bccd6pFkD	1678550441	New Story (5)
OK	7Lbq81BRPMuk7U4whOPAv	1678550364	New Story (6)
OK	HQwUaq0vzwZs7GNiHOQfO	1678549424	New Story (5)
OK	2OD1DR3_RJ1nyt9F1G-51	1678506221	New Story (5)
OK	-IXl1BEPEU9YzghA2a5kH	1678504915	New Story (4)
OK	gI9f3NLnCfod0Dc7MceQ5	1678503489	New Story (3)
OK	jFAqN6rMCc8OmThTRr2Br	1678502721	New Story (2)
OK	4pv_SLhE6lsORMPv1g8Hs	1678403839	New Story
OK	gavu7_3mi-L5ySgGlIGy-	1678166514	New Story (4)
OK	ogb8ZBLqNVl8mHaVuOgJw	1678164278	New Story (3)
OK	zyXL5S2YQGngVQsQt1lrS	1678162326	New Story (2)
OK	00R8CumKYijqfem1YfT_1	1678145983	New Story (1)
OK	EBDVtwZtmrLfbs1MDfvPF	1678122226	New Story (1)
OK-NOTEXT	C3wDoYk4jx469-ZOXiGgK	1678118143	New Story
OK	yjw2kPYhDmga9nYOuEKgn	1678118101	New Story
OK	2ubYAirwBVr2AHtzc5Ye3	1678059914	New Story (1)
OK	BJKjk6kStLThBpC24cAto	1678040286	New Story (1)
OK	raTmkEAMQvlunNxNpDQov	1678039143	New Story
OK	vf2UuxKF4izIeOrKDG43Y	1677994309	New Story
OK	PC8jOXgeGgLCX_lV6uU9f	1677983760	New Story (1)
OK	k_la9Z7GZU-an_30GxRgk	1677978905	New Story
OK	rzr_l2ruOut0PbY9N2GQE	1677961173	Emotional Abuse SImulator v. 6.0 (copy)
OK	_RmxMwIG0tHKr_ei17aKP	1677933304	New Story (1)
OK	IS_2YNNVayXCynYWSgHmd	1677925832	New Story
OK	PtP4cMQpPESiGStCpIu5l	1677923833	New Story
OK	iLdVxOS4pSboOatWd5erp	1677917390	New Story
